order_id,customer_name,customer_contact,employee_first_name,employee_last_name,order_date,shipper_name,quantity,product_name,product_price,category_name,supplier_name,supplier_contact
10308,"Ana Trujillo Emparedados y helados","Ana Trujillo",Robert,King,1996-09-18,"Federal Shipping",5,"Outback Lager",15,Beverages,"Pavlova, Ltd.","Ian Devling"
10308,"Ana Trujillo Emparedados y helados","Ana Trujillo",Robert,King,1996-09-18,"Federal Shipping",1,Gudbrandsdalsost,36,"Dairy Products","Norske Meierier","Beate Vileid"
10365,"Antonio Moreno Taqueria","Antonio Moreno",Janet,Leverling,1996-11-27,"United Package",24,"Queso Cabrales",21,"Dairy Products","Cooperativa de Quesos Las Cabras","Antonio del Valle Saavedra"
10383,"Around the Horn","Thomas Hardy",Laura,Callahan,1996-12-16,"Federal Shipping",20,"Gnocchi di nonna Alice",38,Grains/Cereals,"Pasta Buttini s.r.l.","Giovanni Giudici"
10355,"Around the Horn","Thomas Hardy",Michael,Suyama,1996-11-15,"Speedy Express",25,"Ravioli Angelo",19.5,Grains/Cereals,"Pasta Buttini s.r.l.","Giovanni Giudici"
10383,"Around the Horn","Thomas Hardy",Laura,Callahan,1996-12-16,"Federal Shipping",15,"Valkoinen suklaa",16.25,Confections,"Karkki Oy","Anne Heikkonen"
10355,"Around the Horn","Thomas Hardy",Michael,Suyama,1996-11-15,"Speedy Express",25,"Guarana Fantastica",4.5,Beverages,"Refrescos Americanas LTDA","Carlos Diaz"
10383,"Around the Horn","Thomas Hardy",Laura,Callahan,1996-12-16,"Federal Shipping",20,Konbu,6,Seafood,Mayumis,"Mayumi Ohno"
10278,"Berglunds snabbkop","Christina Berglund",Laura,Callahan,1996-08-12,"United Package",25,"Rod Kaviar",15,Seafood,"Svensk Sjofoda AB","Michael Bjorn"
10280,"Berglunds snabbkop","Christina Berglund",Andrew,Fuller,1996-08-14,"Speedy Express",30,"Rhonbrau Klosterbier",7.75,Beverages,"Plutzer Lebensmittelgrossmarkte AG","Martin Bein"
10278,"Berglunds snabbkop","Christina Berglund",Laura,Callahan,1996-08-12,"United Package",8,Vegie-spread,43.9,Condiments,"Pavlova, Ltd.","Ian Devling"
10384,"Berglunds snabbkop","Christina Berglund",Janet,Leverling,1996-12-16,"Federal Shipping",15,"Camembert Pierrot",34,"Dairy Products","Gai paturage","Eliane Noz"
10278,"Berglunds snabbkop","Christina Berglund",Laura,Callahan,1996-08-12,"United Package",15,"Raclette Courdavault",55,"Dairy Products","Gai paturage","Eliane Noz"
10280,"Berglunds snabbkop","Christina Berglund",Andrew,Fuller,1996-08-14,"Speedy Express",20,"Pate chinois",24,Meat/Poultry,"Ma Maison","Jean-Guy Lauzon"
10278,"Berglunds snabbkop","Christina Berglund",Laura,Callahan,1996-08-12,"United Package",16,"Gula Malacca",19.45,Condiments,"Leka Trading","Chandra Leka"
10384,"Berglunds snabbkop","Christina Berglund",Janet,Leverling,1996-12-16,"Federal Shipping",28,"Sir Rodneys Marmalade",81,Confections,"Specialty Biscuits, Ltd.","Peter Wilson"
10280,"Berglunds snabbkop","Christina Berglund",Andrew,Fuller,1996-08-14,"Speedy Express",12,"Guarana Fantastica",4.5,Beverages,"Refrescos Americanas LTDA","Carlos Diaz"
10436,"Blondel pere et fils","Frederique Citeaux",Janet,Leverling,1997-02-05,"United Package",24,"Rhonbrau Klosterbier",7.75,Beverages,"Plutzer Lebensmittelgrossmarkte AG","Martin Bein"
10297,"Blondel pere et fils","Frederique Citeaux",Steven,Buchanan,1996-09-04,"United Package",20,"Mozzarella di Giovanni",34.8,"Dairy Products","Formaggi Fortini s.r.l.","Elio Rossi"
10436,"Blondel pere et fils","Frederique Citeaux",Janet,Leverling,1997-02-05,"United Package",30,"Wimmers gute Semmelknodel",33.25,Grains/Cereals,"Plutzer Lebensmittelgrossmarkte AG","Martin Bein"
10265,"Blondel pere et fils","Frederique Citeaux",Andrew,Fuller,1996-07-25,"Speedy Express",20,"Outback Lager",15,Beverages,"Pavlova, Ltd.","Ian Devling"
10436,"Blondel pere et fils","Frederique Citeaux",Janet,Leverling,1997-02-05,"United Package",40,"Gnocchi di nonna Alice",38,Grains/Cereals,"Pasta Buttini s.r.l.","Giovanni Giudici"
10360,"Blondel pere et fils","Frederique Citeaux",Margaret,Peacock,1996-11-22,"Federal Shipping",28,Tourtiere,7.45,Meat/Poultry,"Ma Maison","Jean-Guy Lauzon"
10360,"Blondel pere et fils","Frederique Citeaux",Margaret,Peacock,1996-11-22,"Federal Shipping",35,Maxilaku,20,Confections,"Karkki Oy","Anne Heikkonen"
10436,"Blondel pere et fils","Frederique Citeaux",Janet,Leverling,1997-02-05,"United Package",5,Spegesild,12,Seafood,Lyngbysild,"Niels Petersen"
10360,"Blondel pere et fils","Frederique Citeaux",Margaret,Peacock,1996-11-22,"Federal Shipping",10,"Cote de Blaye",263.5,Beverages,"Aux joyeux ecclesiastiques","Guylene Nodier"
10297,"Blondel pere et fils","Frederique Citeaux",Steven,Buchanan,1996-09-04,"United Package",60,"Chartreuse verte",18,Beverages,"Aux joyeux ecclesiastiques","Guylene Nodier"
10360,"Blondel pere et fils","Frederique Citeaux",Margaret,Peacock,1996-11-22,"Federal Shipping",35,"Thuringer Rostbratwurst",123.79,Meat/Poultry,"Plutzer Lebensmittelgrossmarkte AG","Martin Bein"
10360,"Blondel pere et fils","Frederique Citeaux",Margaret,Peacock,1996-11-22,"Federal Shipping",30,"Rossle Sauerkraut",45.6,Produce,"Plutzer Lebensmittelgrossmarkte AG","Martin Bein"
10265,"Blondel pere et fils","Frederique Citeaux",Andrew,Fuller,1996-07-25,"Speedy Express",30,"Alice Mutton",39,Meat/Poultry,"Pavlova, Ltd.","Ian Devling"
10326,"Bolido Comidas preparadas","Martin Sommer",Margaret,Peacock,1996-10-10,"United Package",50,"Rhonbrau Klosterbier",7.75,Beverages,"Plutzer Lebensmittelgrossmarkte AG","Martin Bein"
10326,"Bolido Comidas preparadas","Martin Sommer",Margaret,Peacock,1996-10-10,"United Package",16,"Ravioli Angelo",19.5,Grains/Cereals,"Pasta Buttini s.r.l.","Giovanni Giudici"
10326,"Bolido Comidas preparadas","Martin Sommer",Margaret,Peacock,1996-10-10,"United Package",24,"Chef Antons Cajun Seasoning",22,Condiments,"New Orleans Cajun Delights","Shelley Burke"
10362,"Bon app","Laurence Lebihans",Janet,Leverling,1996-11-25,"Speedy Express",24,Tourtiere,7.45,Meat/Poultry,"Ma Maison","Jean-Guy Lauzon"
10362,"Bon app","Laurence Lebihans",Janet,Leverling,1996-11-25,"Speedy Express",20,"Manjimup Dried Apples",53,Produce,"Gday, Mate","Wendy Mackenzie"
10331,"Bon app","Laurence Lebihans",Anne,Dodsworth,1996-10-16,"Speedy Express",15,Tourtiere,7.45,Meat/Poultry,"Ma Maison","Jean-Guy Lauzon"
10340,"Bon app","Laurence Lebihans",Nancy,Davolio,1996-10-29,"Federal Shipping",40,"Ipoh Coffee",46,Beverages,"Leka Trading","Chandra Leka"
10340,"Bon app","Laurence Lebihans",Nancy,Davolio,1996-10-29,"Federal Shipping",12,"Jacks New England Clam Chowder",9.65,Seafood,"New England Seafood Cannery","Robb Merchant"
10362,"Bon app","Laurence Lebihans",Janet,Leverling,1996-11-25,"Speedy Express",50,"NuNuCa Nuss-Nougat-Creme",14,Confections,"Heli Susswaren GmbH and Co. KG","Petra Winkler"
10340,"Bon app","Laurence Lebihans",Nancy,Davolio,1996-10-29,"Federal Shipping",20,"Carnarvon Tigers",62.5,Seafood,"Pavlova, Ltd.","Ian Devling"
10389,"Bottom-Dollar Marketse","Elizabeth Lincoln",Margaret,Peacock,1996-12-20,"United Package",20,"Tarte au sucre",49.3,Confections,"Forets derables","Chantal Goulet"
10389,"Bottom-Dollar Marketse","Elizabeth Lincoln",Margaret,Peacock,1996-12-20,"United Package",30,"Outback Lager",15,Beverages,"Pavlova, Ltd.","Ian Devling"
10411,"Bottom-Dollar Marketse","Elizabeth Lincoln",Anne,Dodsworth,1997-01-10,"Federal Shipping",9,"Raclette Courdavault",55,"Dairy Products","Gai paturage","Eliane Noz"
10410,"Bottom-Dollar Marketse","Elizabeth Lincoln",Janet,Leverling,1997-01-10,"Federal Shipping",16,"Raclette Courdavault",55,"Dairy Products","Gai paturage","Eliane Noz"
10389,"Bottom-Dollar Marketse","Elizabeth Lincoln",Margaret,Peacock,1996-12-20,"United Package",15,"Pate chinois",24,Meat/Poultry,"Ma Maison","Jean-Guy Lauzon"
10431,"Bottom-Dollar Marketse","Elizabeth Lincoln",Margaret,Peacock,1997-01-30,"United Package",30,"Zaanse koeken",9.5,Confections,"Zaanse Snoepfabriek","Dirk Luchte"
10431,"Bottom-Dollar Marketse","Elizabeth Lincoln",Margaret,Peacock,1997-01-30,"United Package",50,"Boston Crab Meat",18.4,Seafood,"New England Seafood Cannery","Robb Merchant"
10411,"Bottom-Dollar Marketse","Elizabeth Lincoln",Anne,Dodsworth,1997-01-10,"Federal Shipping",40,"Gula Malacca",19.45,Condiments,"Leka Trading","Chandra Leka"
10411,"Bottom-Dollar Marketse","Elizabeth Lincoln",Anne,Dodsworth,1997-01-10,"Federal Shipping",25,"Jacks New England Clam Chowder",9.65,Seafood,"New England Seafood Cannery","Robb Merchant"
10410,"Bottom-Dollar Marketse","Elizabeth Lincoln",Janet,Leverling,1997-01-10,"Federal Shipping",49,Geitost,2.5,"Dairy Products","Norske Meierier","Beate Vileid"
10431,"Bottom-Dollar Marketse","Elizabeth Lincoln",Margaret,Peacock,1997-01-30,"United Package",50,"Alice Mutton",39,Meat/Poultry,"Pavlova, Ltd.","Ian Devling"
10389,"Bottom-Dollar Marketse","Elizabeth Lincoln",Margaret,Peacock,1996-12-20,"United Package",16,Ikura,31,Seafood,"Tokyo Traders","Yoshi Nagase"
10289,"Bs Beverages","Victoria Ashworth",Robert,King,1996-08-26,"Federal Shipping",9,"Wimmers gute Semmelknodel",33.25,Grains/Cereals,"Plutzer Lebensmittelgrossmarkte AG","Martin Bein"
10289,"Bs Beverages","Victoria Ashworth",Robert,King,1996-08-26,"Federal Shipping",30,"Aniseed Syrup",10,Condiments,"Exotic Liquid","Charlotte Cooper"
10259,"Centro comercial Moctezuma","Francisco Chang",Margaret,Peacock,1996-07-18,"Federal Shipping",1,"Gravad lax",26,Seafood,"Svensk Sjofoda AB","Michael Bjorn"
10259,"Centro comercial Moctezuma","Francisco Chang",Margaret,Peacock,1996-07-18,"Federal Shipping",10,"Sir Rodneys Scones",10,Confections,"Specialty Biscuits, Ltd.","Peter Wilson"
10370,"Chop-suey Chinese","Yang Wang",Michael,Suyama,1996-12-03,"United Package",20,"Longlife Tofu",10,Produce,"Tokyo Traders","Yoshi Nagase"
10254,"Chop-suey Chinese","Yang Wang",Steven,Buchanan,1996-07-11,"United Package",21,"Longlife Tofu",10,Produce,"Tokyo Traders","Yoshi Nagase"
10370,"Chop-suey Chinese","Yang Wang",Michael,Suyama,1996-12-03,"United Package",30,"Wimmers gute Semmelknodel",33.25,Grains/Cereals,"Plutzer Lebensmittelgrossmarkte AG","Martin Bein"
10254,"Chop-suey Chinese","Yang Wang",Steven,Buchanan,1996-07-11,"United Package",21,"Pate chinois",24,Meat/Poultry,"Ma Maison","Jean-Guy Lauzon"
10254,"Chop-suey Chinese","Yang Wang",Steven,Buchanan,1996-07-11,"United Package",15,"Guarana Fantastica",4.5,Beverages,"Refrescos Americanas LTDA","Carlos Diaz"
10370,"Chop-suey Chinese","Yang Wang",Michael,Suyama,1996-12-03,"United Package",15,Chais,18,Beverages,"Exotic Liquid","Charlotte Cooper"
10290,"Comercio Mineiro","Pedro Afonso",Laura,Callahan,1996-08-27,"Speedy Express",10,"Original Frankfurter grune Sosse",13,Condiments,"Plutzer Lebensmittelgrossmarkte AG","Martin Bein"
10290,"Comercio Mineiro","Pedro Afonso",Laura,Callahan,1996-08-27,"Speedy Express",15,Maxilaku,20,Confections,"Karkki Oy","Anne Heikkonen"
10290,"Comercio Mineiro","Pedro Afonso",Laura,Callahan,1996-08-27,"Speedy Express",15,"Thuringer Rostbratwurst",123.79,Meat/Poultry,"Plutzer Lebensmittelgrossmarkte AG","Martin Bein"
10290,"Comercio Mineiro","Pedro Afonso",Laura,Callahan,1996-08-27,"Speedy Express",20,"Chef Antons Gumbo Mix",21.35,Condiments,"New Orleans Cajun Delights","Shelley Burke"
10435,"Consolidated Holdings","Elizabeth Brown",Laura,Callahan,1997-02-04,"United Package",10,"Mozzarella di Giovanni",34.8,"Dairy Products","Formaggi Fortini s.r.l.","Elio Rossi"
10435,"Consolidated Holdings","Elizabeth Brown",Laura,Callahan,1997-02-04,"United Package",12,"Gustafs Knackebrod",21,Grains/Cereals,"PB Knackebrod AB","Lars Peterson"
10435,"Consolidated Holdings","Elizabeth Brown",Laura,Callahan,1997-02-04,"United Package",10,Chang,19,Beverages,"Exotic Liquid","Charlotte Cooper"
10363,"Drachenblut Delikatessend","Sven Ottlieb",Margaret,Peacock,1996-11-26,"Federal Shipping",12,Lakkalikoori,18,Beverages,"Karkki Oy","Anne Heikkonen"
10363,"Drachenblut Delikatessend","Sven Ottlieb",Margaret,Peacock,1996-11-26,"Federal Shipping",12,"Rhonbrau Klosterbier",7.75,Beverages,"Plutzer Lebensmittelgrossmarkte AG","Martin Bein"
10363,"Drachenblut Delikatessend","Sven Ottlieb",Margaret,Peacock,1996-11-26,"Federal Shipping",20,"Gorgonzola Telino",12.5,"Dairy Products","Formaggi Fortini s.r.l.","Elio Rossi"
10391,"Drachenblut Delikatessend","Sven Ottlieb",Janet,Leverling,1996-12-23,"Federal Shipping",18,Konbu,6,Seafood,Mayumis,"Mayumi Ohno"
10311,"Du monde entier","Janine Labrune",Nancy,Davolio,1996-09-20,"Federal Shipping",7,Gudbrandsdalsost,36,"Dairy Products","Norske Meierier","Beate Vileid"
10311,"Du monde entier","Janine Labrune",Nancy,Davolio,1996-09-20,"Federal Shipping",6,"Singaporean Hokkien Fried Mee",14,Grains/Cereals,"Leka Trading","Chandra Leka"
10364,"Eastern Connection","Ann Devon",Nancy,Davolio,1996-11-26,"Speedy Express",5,Flotemysost,21.5,"Dairy Products","Norske Meierier","Beate Vileid"
10364,"Eastern Connection","Ann Devon",Nancy,Davolio,1996-11-26,"Speedy Express",30,Gudbrandsdalsost,36,"Dairy Products","Norske Meierier","Beate Vileid"
10400,"Eastern Connection","Ann Devon",Nancy,Davolio,1997-01-01,"Federal Shipping",30,Maxilaku,20,Confections,"Karkki Oy","Anne Heikkonen"
10400,"Eastern Connection","Ann Devon",Nancy,Davolio,1997-01-01,"Federal Shipping",35,"Steeleye Stout",18,Beverages,"Bigfoot Breweries","Cheryl Saylor"
10400,"Eastern Connection","Ann Devon",Nancy,Davolio,1997-01-01,"Federal Shipping",21,"Thuringer Rostbratwurst",123.79,Meat/Poultry,"Plutzer Lebensmittelgrossmarkte AG","Martin Bein"
10390,"Ernst Handel","Roland Mendel",Michael,Suyama,1996-12-23,"Speedy Express",24,"Mozzarella di Giovanni",34.8,"Dairy Products","Formaggi Fortini s.r.l.","Elio Rossi"
10382,"Ernst Handel","Roland Mendel",Margaret,Peacock,1996-12-13,"Speedy Express",50,"Longlife Tofu",10,Produce,"Tokyo Traders","Yoshi Nagase"
10263,"Ernst Handel","Roland Mendel",Anne,Dodsworth,1996-07-23,"Federal Shipping",36,"Longlife Tofu",10,Produce,"Tokyo Traders","Yoshi Nagase"
10442,"Ernst Handel","Roland Mendel",Janet,Leverling,1997-02-11,"United Package",60,"Louisiana Hot Spiced Okra",17,Condiments,"New Orleans Cajun Delights","Shelley Burke"
10402,"Ernst Handel","Roland Mendel",Laura,Callahan,1997-01-02,"United Package",65,Vegie-spread,43.9,Condiments,"Pavlova, Ltd.","Ian Devling"
10368,"Ernst Handel","Roland Mendel",Andrew,Fuller,1996-11-29,"United Package",35,"Wimmers gute Semmelknodel",33.25,Grains/Cereals,"Plutzer Lebensmittelgrossmarkte AG","Martin Bein"
10351,"Ernst Handel","Roland Mendel",Nancy,Davolio,1996-11-11,"Speedy Express",10,"Louisiana Fiery Hot Pepper Sauce",21.05,Condiments,"New Orleans Cajun Delights","Shelley Burke"
10430,"Ernst Handel","Roland Mendel",Margaret,Peacock,1997-01-30,"Speedy Express",70,"Raclette Courdavault",55,"Dairy Products","Gai paturage","Eliane Noz"
10430,"Ernst Handel","Roland Mendel",Margaret,Peacock,1997-01-30,"Speedy Express",30,"Gnocchi di nonna Alice",38,Grains/Cereals,"Pasta Buttini s.r.l.","Giovanni Giudici"
10368,"Ernst Handel","Roland Mendel",Andrew,Fuller,1996-11-29,"United Package",25,"Ravioli Angelo",19.5,Grains/Cereals,"Pasta Buttini s.r.l.","Giovanni Giudici"
10442,"Ernst Handel","Roland Mendel",Janet,Leverling,1997-02-11,"United Package",80,Tourtiere,7.45,Meat/Poultry,"Ma Maison","Jean-Guy Lauzon"
10403,"Ernst Handel","Roland Mendel",Margaret,Peacock,1997-01-03,"Federal Shipping",70,Chocolade,12.75,Confections,"Zaanse Snoepfabriek","Dirk Luchte"
10390,"Ernst Handel","Roland Mendel",Michael,Suyama,1996-12-23,"Speedy Express",45,Spegesild,12,Seafood,Lyngbysild,"Niels Petersen"
10351,"Ernst Handel","Roland Mendel",Nancy,Davolio,1996-11-11,"Speedy Express",77,"Gula Malacca",19.45,Condiments,"Leka Trading","Chandra Leka"
10351,"Ernst Handel","Roland Mendel",Nancy,Davolio,1996-11-11,"Speedy Express",13,"Jacks New England Clam Chowder",9.65,Seafood,"New England Seafood Cannery","Robb Merchant"
10351,"Ernst Handel","Roland Mendel",Nancy,Davolio,1996-11-11,"Speedy Express",20,"Cote de Blaye",263.5,Beverages,"Aux joyeux ecclesiastiques","Guylene Nodier"
10390,"Ernst Handel","Roland Mendel",Michael,Suyama,1996-12-23,"Speedy Express",40,"Steeleye Stout",18,Beverages,"Bigfoot Breweries","Cheryl Saylor"
10390,"Ernst Handel","Roland Mendel",Michael,Suyama,1996-12-23,"Speedy Express",60,"Gorgonzola Telino",12.5,"Dairy Products","Formaggi Fortini s.r.l.","Elio Rossi"
10382,"Ernst Handel","Roland Mendel",Margaret,Peacock,1996-12-13,"Speedy Express",60,Geitost,2.5,"Dairy Products","Norske Meierier","Beate Vileid"
10258,"Ernst Handel","Roland Mendel",Nancy,Davolio,1996-07-17,"Speedy Express",6,"Mascarpone Fabioli",32,"Dairy Products","Formaggi Fortini s.r.l.","Elio Rossi"
10382,"Ernst Handel","Roland Mendel",Margaret,Peacock,1996-12-13,"Speedy Express",14,"Thuringer Rostbratwurst",123.79,Meat/Poultry,"Plutzer Lebensmittelgrossmarkte AG","Martin Bein"
10368,"Ernst Handel","Roland Mendel",Andrew,Fuller,1996-11-29,"United Package",13,"Rossle Sauerkraut",45.6,Produce,"Plutzer Lebensmittelgrossmarkte AG","Martin Bein"
10263,"Ernst Handel","Roland Mendel",Anne,Dodsworth,1996-07-23,"Federal Shipping",60,"Nord-Ost Matjeshering",25.89,Seafood,"Nord-Ost-Fisch Handelsgesellschaft mbH","Sven Petersen"
10402,"Ernst Handel","Roland Mendel",Laura,Callahan,1997-01-02,"United Package",60,Tunnbrod,9,Grains/Cereals,"PB Knackebrod AB","Lars Peterson"
10368,"Ernst Handel","Roland Mendel",Andrew,Fuller,1996-11-29,"United Package",5,"Sir Rodneys Scones",10,Confections,"Specialty Biscuits, Ltd.","Peter Wilson"
10263,"Ernst Handel","Roland Mendel",Anne,Dodsworth,1996-07-23,"Federal Shipping",28,"Guarana Fantastica",4.5,Beverages,"Refrescos Americanas LTDA","Carlos Diaz"
10442,"Ernst Handel","Roland Mendel",Janet,Leverling,1997-02-11,"United Package",30,"Queso Cabrales",21,"Dairy Products","Cooperativa de Quesos Las Cabras","Antonio del Valle Saavedra"
10430,"Ernst Handel","Roland Mendel",Margaret,Peacock,1997-01-30,"Speedy Express",50,"Sir Rodneys Scones",10,Confections,"Specialty Biscuits, Ltd.","Peter Wilson"
10430,"Ernst Handel","Roland Mendel",Margaret,Peacock,1997-01-30,"Speedy Express",45,"Alice Mutton",39,Meat/Poultry,"Pavlova, Ltd.","Ian Devling"
10403,"Ernst Handel","Roland Mendel",Margaret,Peacock,1997-01-03,"Federal Shipping",21,Pavlova,17.45,Confections,"Pavlova, Ltd.","Ian Devling"
10382,"Ernst Handel","Roland Mendel",Margaret,Peacock,1996-12-13,"Speedy Express",9,"Carnarvon Tigers",62.5,Seafood,"Pavlova, Ltd.","Ian Devling"
10263,"Ernst Handel","Roland Mendel",Anne,Dodsworth,1996-07-23,"Federal Shipping",60,Pavlova,17.45,Confections,"Pavlova, Ltd.","Ian Devling"
10382,"Ernst Handel","Roland Mendel",Margaret,Peacock,1996-12-13,"Speedy Express",32,"Chef Antons Gumbo Mix",21.35,Condiments,"New Orleans Cajun Delights","Shelley Burke"
10258,"Ernst Handel","Roland Mendel",Nancy,Davolio,1996-07-17,"Speedy Express",65,"Chef Antons Gumbo Mix",21.35,Condiments,"New Orleans Cajun Delights","Shelley Burke"
10258,"Ernst Handel","Roland Mendel",Nancy,Davolio,1996-07-17,"Speedy Express",50,Chang,19,Beverages,"Exotic Liquid","Charlotte Cooper"
10347,"Familia Arquibaldo","Aria Cruz",Margaret,Peacock,1996-11-06,"Federal Shipping",6,"Rhonbrau Klosterbier",7.75,Beverages,"Plutzer Lebensmittelgrossmarkte AG","Martin Bein"
10347,"Familia Arquibaldo","Aria Cruz",Margaret,Peacock,1996-11-06,"Federal Shipping",4,"Boston Crab Meat",18.4,Seafood,"New England Seafood Cannery","Robb Merchant"
10347,"Familia Arquibaldo","Aria Cruz",Margaret,Peacock,1996-11-06,"Federal Shipping",50,"Chartreuse verte",18,Beverages,"Aux joyeux ecclesiastiques","Guylene Nodier"
10414,"Familia Arquibaldo","Aria Cruz",Andrew,Fuller,1997-01-14,"Federal Shipping",50,Geitost,2.5,"Dairy Products","Norske Meierier","Beate Vileid"
10386,"Familia Arquibaldo","Aria Cruz",Anne,Dodsworth,1996-12-18,"Federal Shipping",10,"Sasquatch Ale",14,Beverages,"Bigfoot Breweries","Cheryl Saylor"
10347,"Familia Arquibaldo","Aria Cruz",Margaret,Peacock,1996-11-06,"Federal Shipping",10,"NuNuCa Nuss-Nougat-Creme",14,Confections,"Heli Susswaren GmbH and Co. KG","Petra Winkler"
10414,"Familia Arquibaldo","Aria Cruz",Andrew,Fuller,1997-01-14,"Federal Shipping",18,"Teatime Chocolate Biscuits",9.2,Confections,"Specialty Biscuits, Ltd.","Peter Wilson"
10386,"Familia Arquibaldo","Aria Cruz",Anne,Dodsworth,1996-12-18,"Federal Shipping",15,"Guarana Fantastica",4.5,Beverages,"Refrescos Americanas LTDA","Carlos Diaz"
10408,"Folies gourmandes","Martine Rance",Laura,Callahan,1997-01-08,"Speedy Express",35,"Tarte au sucre",49.3,Confections,"Forets derables","Chantal Goulet"
10408,"Folies gourmandes","Martine Rance",Laura,Callahan,1997-01-08,"Speedy Express",6,Tourtiere,7.45,Meat/Poultry,"Ma Maison","Jean-Guy Lauzon"
10408,"Folies gourmandes","Martine Rance",Laura,Callahan,1997-01-08,"Speedy Express",10,"Gravad lax",26,Seafood,"Svensk Sjofoda AB","Michael Bjorn"
10434,"Folk och fa HB","Maria Larsson",Janet,Leverling,1997-02-03,"United Package",18,Lakkalikoori,18,Beverages,"Karkki Oy","Anne Heikkonen"
10378,"Folk och fa HB","Maria Larsson",Steven,Buchanan,1996-12-10,"Federal Shipping",6,Flotemysost,21.5,"Dairy Products","Norske Meierier","Beate Vileid"
10327,"Folk och fa HB","Maria Larsson",Andrew,Fuller,1996-10-11,"Speedy Express",30,"Escargots de Bourgogne",13.25,Seafood,"Escargots Nouveaux","Marie Delamare"
10264,"Folk och fa HB","Maria Larsson",Michael,Suyama,1996-07-24,"Federal Shipping",25,"Jacks New England Clam Chowder",9.65,Seafood,"New England Seafood Cannery","Robb Merchant"
10327,"Folk och fa HB","Maria Larsson",Andrew,Fuller,1996-10-11,"Speedy Express",35,"Nord-Ost Matjeshering",25.89,Seafood,"Nord-Ost-Fisch Handelsgesellschaft mbH","Sven Petersen"
10434,"Folk och fa HB","Maria Larsson",Janet,Leverling,1997-02-03,"United Package",6,"Queso Cabrales",21,"Dairy Products","Cooperativa de Quesos Las Cabras","Antonio del Valle Saavedra"
10327,"Folk och fa HB","Maria Larsson",Andrew,Fuller,1996-10-11,"Speedy Express",50,"Queso Cabrales",21,"Dairy Products","Cooperativa de Quesos Las Cabras","Antonio del Valle Saavedra"
10327,"Folk och fa HB","Maria Larsson",Andrew,Fuller,1996-10-11,"Speedy Express",25,Chang,19,Beverages,"Exotic Liquid","Charlotte Cooper"
10264,"Folk och fa HB","Maria Larsson",Michael,Suyama,1996-07-24,"Federal Shipping",35,Chang,19,Beverages,"Exotic Liquid","Charlotte Cooper"
10396,Frankenversand,"Peter Franken",Nancy,Davolio,1996-12-27,"Federal Shipping",21,"Mozzarella di Giovanni",34.8,"Dairy Products","Formaggi Fortini s.r.l.","Elio Rossi"
10396,Frankenversand,"Peter Franken",Nancy,Davolio,1996-12-27,"Federal Shipping",60,Flotemysost,21.5,"Dairy Products","Norske Meierier","Beate Vileid"
10337,Frankenversand,"Peter Franken",Margaret,Peacock,1996-10-24,"Federal Shipping",25,"Mozzarella di Giovanni",34.8,"Dairy Products","Formaggi Fortini s.r.l.","Elio Rossi"
10267,Frankenversand,"Peter Franken",Margaret,Peacock,1996-07-29,"Speedy Express",15,Lakkalikoori,18,Beverages,"Karkki Oy","Anne Heikkonen"
10267,Frankenversand,"Peter Franken",Margaret,Peacock,1996-07-29,"Speedy Express",70,"Raclette Courdavault",55,"Dairy Products","Gai paturage","Eliane Noz"
10342,Frankenversand,"Peter Franken",Margaret,Peacock,1996-10-30,"United Package",40,"Pate chinois",24,Meat/Poultry,"Ma Maison","Jean-Guy Lauzon"
10342,Frankenversand,"Peter Franken",Margaret,Peacock,1996-10-30,"United Package",40,"Inlagd Sill",19,Seafood,"Svensk Sjofoda AB","Michael Bjorn"
10337,Frankenversand,"Peter Franken",Margaret,Peacock,1996-10-24,"Federal Shipping",20,"Inlagd Sill",19,Seafood,"Svensk Sjofoda AB","Michael Bjorn"
10267,Frankenversand,"Peter Franken",Margaret,Peacock,1996-07-29,"Speedy Express",50,"Boston Crab Meat",18.4,Seafood,"New England Seafood Cannery","Robb Merchant"
10342,Frankenversand,"Peter Franken",Margaret,Peacock,1996-10-30,"United Package",56,"Gorgonzola Telino",12.5,"Dairy Products","Formaggi Fortini s.r.l.","Elio Rossi"
10337,Frankenversand,"Peter Franken",Margaret,Peacock,1996-10-24,"Federal Shipping",28,"Gravad lax",26,Seafood,"Svensk Sjofoda AB","Michael Bjorn"
10337,Frankenversand,"Peter Franken",Margaret,Peacock,1996-10-24,"Federal Shipping",24,"Gumbar Gummibarchen",31.23,Confections,"Heli Susswaren GmbH and Co. KG","Petra Winkler"
10396,Frankenversand,"Peter Franken",Nancy,Davolio,1996-12-27,"Federal Shipping",40,Tunnbrod,9,Grains/Cereals,"PB Knackebrod AB","Lars Peterson"
10337,Frankenversand,"Peter Franken",Margaret,Peacock,1996-10-24,"Federal Shipping",40,Tunnbrod,9,Grains/Cereals,"PB Knackebrod AB","Lars Peterson"
10342,Frankenversand,"Peter Franken",Margaret,Peacock,1996-10-30,"United Package",24,Chang,19,Beverages,"Exotic Liquid","Charlotte Cooper"
10422,"Franchi S.p.A.","Paolo Accorti",Andrew,Fuller,1997-01-22,"Speedy Express",2,"Gumbar Gummibarchen",31.23,Confections,"Heli Susswaren GmbH and Co. KG","Petra Winkler"
10328,"Furia Bacalhau e Frutos do Mar","Lino Rodriguez",Margaret,Peacock,1996-10-14,"Federal Shipping",10,"Scottish Longbreads",12.5,Confections,"Specialty Biscuits, Ltd.","Peter Wilson"
10328,"Furia Bacalhau e Frutos do Mar","Lino Rodriguez",Margaret,Peacock,1996-10-14,"Federal Shipping",40,"Louisiana Fiery Hot Pepper Sauce",21.05,Condiments,"New Orleans Cajun Delights","Shelley Burke"
10328,"Furia Bacalhau e Frutos do Mar","Lino Rodriguez",Margaret,Peacock,1996-10-14,"Federal Shipping",9,"Raclette Courdavault",55,"Dairy Products","Gai paturage","Eliane Noz"
10352,"Furia Bacalhau e Frutos do Mar","Lino Rodriguez",Janet,Leverling,1996-11-12,"Federal Shipping",20,Tourtiere,7.45,Meat/Poultry,"Ma Maison","Jean-Guy Lauzon"
10352,"Furia Bacalhau e Frutos do Mar","Lino Rodriguez",Janet,Leverling,1996-11-12,"Federal Shipping",10,"Guarana Fantastica",4.5,Beverages,"Refrescos Americanas LTDA","Carlos Diaz"
10366,"Galeria del gastronomo","Eduardo Saavedra",Laura,Callahan,1996-11-28,"United Package",5,"Original Frankfurter grune Sosse",13,Condiments,"Plutzer Lebensmittelgrossmarkte AG","Martin Bein"
10426,"Galeria del gastronomo","Eduardo Saavedra",Margaret,Peacock,1997-01-27,"Speedy Express",7,"Wimmers gute Semmelknodel",33.25,Grains/Cereals,"Plutzer Lebensmittelgrossmarkte AG","Martin Bein"
10366,"Galeria del gastronomo","Eduardo Saavedra",Laura,Callahan,1996-11-28,"United Package",5,"Louisiana Fiery Hot Pepper Sauce",21.05,Condiments,"New Orleans Cajun Delights","Shelley Burke"
10426,"Galeria del gastronomo","Eduardo Saavedra",Margaret,Peacock,1997-01-27,"Speedy Express",5,"Gnocchi di nonna Alice",38,Grains/Cereals,"Pasta Buttini s.r.l.","Giovanni Giudici"
10303,"Godos Cocina Tipica","Jose Pedro Freyre",Robert,King,1996-09-11,"United Package",15,"Scottish Longbreads",12.5,Confections,"Specialty Biscuits, Ltd.","Peter Wilson"
10303,"Godos Cocina Tipica","Jose Pedro Freyre",Robert,King,1996-09-11,"United Package",30,"Louisiana Fiery Hot Pepper Sauce",21.05,Condiments,"New Orleans Cajun Delights","Shelley Burke"
10303,"Godos Cocina Tipica","Jose Pedro Freyre",Robert,King,1996-09-11,"United Package",40,"Boston Crab Meat",18.4,Seafood,"New England Seafood Cannery","Robb Merchant"
10423,"Gourmet Lanchonetes","Andre Fonseca",Michael,Suyama,1997-01-23,"Federal Shipping",20,"Raclette Courdavault",55,"Dairy Products","Gai paturage","Eliane Noz"
10423,"Gourmet Lanchonetes","Andre Fonseca",Michael,Suyama,1997-01-23,"Federal Shipping",14,"Gorgonzola Telino",12.5,"Dairy Products","Formaggi Fortini s.r.l.","Elio Rossi"
10268,GROSELLA-Restaurante,"Manuel Pereira",Laura,Callahan,1996-07-30,"Federal Shipping",4,"Mozzarella di Giovanni",34.8,"Dairy Products","Formaggi Fortini s.r.l.","Elio Rossi"
10268,GROSELLA-Restaurante,"Manuel Pereira",Laura,Callahan,1996-07-30,"Federal Shipping",10,"Thuringer Rostbratwurst",123.79,Meat/Poultry,"Plutzer Lebensmittelgrossmarkte AG","Martin Bein"
10250,"Hanari Carnes","Mario Pontes",Margaret,Peacock,1996-07-08,"United Package",15,"Louisiana Fiery Hot Pepper Sauce",21.05,Condiments,"New Orleans Cajun Delights","Shelley Burke"
10253,"Hanari Carnes","Mario Pontes",Janet,Leverling,1996-07-10,"United Package",40,Maxilaku,20,Confections,"Karkki Oy","Anne Heikkonen"
10250,"Hanari Carnes","Mario Pontes",Margaret,Peacock,1996-07-08,"United Package",35,"Manjimup Dried Apples",53,Produce,"Gday, Mate","Wendy Mackenzie"
10253,"Hanari Carnes","Mario Pontes",Janet,Leverling,1996-07-10,"United Package",42,"Chartreuse verte",18,Beverages,"Aux joyeux ecclesiastiques","Guylene Nodier"
10250,"Hanari Carnes","Mario Pontes",Margaret,Peacock,1996-07-08,"United Package",10,"Jacks New England Clam Chowder",9.65,Seafood,"New England Seafood Cannery","Robb Merchant"
10253,"Hanari Carnes","Mario Pontes",Janet,Leverling,1996-07-10,"United Package",20,"Gorgonzola Telino",12.5,"Dairy Products","Formaggi Fortini s.r.l.","Elio Rossi"
10257,HILARIoN-Abastos,"Carlos Hernandez",Margaret,Peacock,1996-07-16,"Federal Shipping",15,"Original Frankfurter grune Sosse",13,Condiments,"Plutzer Lebensmittelgrossmarkte AG","Martin Bein"
10395,HILARIoN-Abastos,"Carlos Hernandez",Michael,Suyama,1996-12-26,"Speedy Express",8,Gudbrandsdalsost,36,"Dairy Products","Norske Meierier","Beate Vileid"
10395,HILARIoN-Abastos,"Carlos Hernandez",Michael,Suyama,1996-12-26,"Speedy Express",70,"Perth Pasties",32.8,Meat/Poultry,"Gday, Mate","Wendy Mackenzie"
10395,HILARIoN-Abastos,"Carlos Hernandez",Michael,Suyama,1996-12-26,"Speedy Express",28,Spegesild,12,Seafood,Lyngbysild,"Niels Petersen"
10257,HILARIoN-Abastos,"Carlos Hernandez",Margaret,Peacock,1996-07-16,"Federal Shipping",6,"Chartreuse verte",18,Beverages,"Aux joyeux ecclesiastiques","Guylene Nodier"
10257,HILARIoN-Abastos,"Carlos Hernandez",Margaret,Peacock,1996-07-16,"Federal Shipping",25,"Schoggi Schokolade",43.9,Confections,"Heli Susswaren GmbH and Co. KG","Petra Winkler"
10394,"Hungry Coyote Import Store","Yoshi Latimer",Nancy,Davolio,1996-12-25,"Federal Shipping",10,"Tarte au sucre",49.3,Confections,"Forets derables","Chantal Goulet"
10375,"Hungry Coyote Import Store","Yoshi Latimer",Janet,Leverling,1996-12-06,"United Package",10,Tourtiere,7.45,Meat/Poultry,"Ma Maison","Jean-Guy Lauzon"
10415,"Hungry Coyote Import Store","Yoshi Latimer",Janet,Leverling,1997-01-15,"Speedy Express",20,Geitost,2.5,"Dairy Products","Norske Meierier","Beate Vileid"
10415,"Hungry Coyote Import Store","Yoshi Latimer",Janet,Leverling,1997-01-15,"Speedy Express",2,"Alice Mutton",39,Meat/Poultry,"Pavlova, Ltd.","Ian Devling"
10394,"Hungry Coyote Import Store","Yoshi Latimer",Nancy,Davolio,1996-12-25,"Federal Shipping",10,Konbu,6,Seafood,Mayumis,"Mayumi Ohno"
10375,"Hungry Coyote Import Store","Yoshi Latimer",Janet,Leverling,1996-12-06,"United Package",15,Tofu,23.25,Produce,Mayumis,"Mayumi Ohno"
10373,"Hungry Owl All-Night Grocers","Patricia McKenna",Margaret,Peacock,1996-12-05,"Federal Shipping",50,Flotemysost,21.5,"Dairy Products","Norske Meierier","Beate Vileid"
10309,"Hungry Owl All-Night Grocers","Patricia McKenna",Janet,Leverling,1996-09-19,"Speedy Express",3,Flotemysost,21.5,"Dairy Products","Norske Meierier","Beate Vileid"
10298,"Hungry Owl All-Night Grocers","Patricia McKenna",Michael,Suyama,1996-09-05,"United Package",15,"Tarte au sucre",49.3,Confections,"Forets derables","Chantal Goulet"
10429,"Hungry Owl All-Night Grocers","Patricia McKenna",Janet,Leverling,1997-01-29,"United Package",35,Vegie-spread,43.9,Condiments,"Pavlova, Ltd.","Ian Devling"
10380,"Hungry Owl All-Night Grocers","Patricia McKenna",Laura,Callahan,1996-12-12,"Federal Shipping",30,"Outback Lager",15,Beverages,"Pavlova, Ltd.","Ian Devling"
10380,"Hungry Owl All-Night Grocers","Patricia McKenna",Laura,Callahan,1996-12-12,"Federal Shipping",6,"Camembert Pierrot",34,"Dairy Products","Gai paturage","Eliane Noz"
10373,"Hungry Owl All-Night Grocers","Patricia McKenna",Margaret,Peacock,1996-12-05,"Federal Shipping",80,"Escargots de Bourgogne",13.25,Seafood,"Escargots Nouveaux","Marie Delamare"
10298,"Hungry Owl All-Night Grocers","Patricia McKenna",Michael,Suyama,1996-09-05,"United Package",30,"Raclette Courdavault",55,"Dairy Products","Gai paturage","Eliane Noz"
10429,"Hungry Owl All-Night Grocers","Patricia McKenna",Janet,Leverling,1997-01-29,"United Package",40,"Valkoinen suklaa",16.25,Confections,"Karkki Oy","Anne Heikkonen"
10380,"Hungry Owl All-Night Grocers","Patricia McKenna",Laura,Callahan,1996-12-12,"Federal Shipping",20,"Perth Pasties",32.8,Meat/Poultry,"Gday, Mate","Wendy Mackenzie"
10335,"Hungry Owl All-Night Grocers","Patricia McKenna",Robert,King,1996-10-22,"United Package",48,"Manjimup Dried Apples",53,Produce,"Gday, Mate","Wendy Mackenzie"
10309,"Hungry Owl All-Night Grocers","Patricia McKenna",Janet,Leverling,1996-09-19,"Speedy Express",20,"Ipoh Coffee",46,Beverages,"Leka Trading","Chandra Leka"
10309,"Hungry Owl All-Night Grocers","Patricia McKenna",Janet,Leverling,1996-09-19,"Speedy Express",2,"Singaporean Hokkien Fried Mee",14,Grains/Cereals,"Leka Trading","Chandra Leka"
10298,"Hungry Owl All-Night Grocers","Patricia McKenna",Michael,Suyama,1996-09-05,"United Package",40,"Inlagd Sill",19,Seafood,"Svensk Sjofoda AB","Michael Bjorn"
10335,"Hungry Owl All-Night Grocers","Patricia McKenna",Robert,King,1996-10-22,"United Package",6,"Mascarpone Fabioli",32,"Dairy Products","Formaggi Fortini s.r.l.","Elio Rossi"
10335,"Hungry Owl All-Night Grocers","Patricia McKenna",Robert,King,1996-10-22,"United Package",25,"Gorgonzola Telino",12.5,"Dairy Products","Formaggi Fortini s.r.l.","Elio Rossi"
10380,"Hungry Owl All-Night Grocers","Patricia McKenna",Laura,Callahan,1996-12-12,"Federal Shipping",18,"Nord-Ost Matjeshering",25.89,Seafood,"Nord-Ost-Fisch Handelsgesellschaft mbH","Sven Petersen"
10309,"Hungry Owl All-Night Grocers","Patricia McKenna",Janet,Leverling,1996-09-19,"Speedy Express",30,"Grandmas Boysenberry Spread",25,Condiments,"Grandma Kellys Homestead","Regina Murphy"
10335,"Hungry Owl All-Night Grocers","Patricia McKenna",Robert,King,1996-10-22,"United Package",7,Chang,19,Beverages,"Exotic Liquid","Charlotte Cooper"
10309,"Hungry Owl All-Night Grocers","Patricia McKenna",Janet,Leverling,1996-09-19,"Speedy Express",20,"Chef Antons Cajun Seasoning",22,Condiments,"New Orleans Cajun Delights","Shelley Burke"
10298,"Hungry Owl All-Night Grocers","Patricia McKenna",Michael,Suyama,1996-09-05,"United Package",40,Chang,19,Beverages,"Exotic Liquid","Charlotte Cooper"
10318,"Island Trading","Helen Bennett",Laura,Callahan,1996-10-01,"United Package",6,Lakkalikoori,18,Beverages,"Karkki Oy","Anne Heikkonen"
10315,"Island Trading","Helen Bennett",Margaret,Peacock,1996-09-26,"United Package",30,"Outback Lager",15,Beverages,"Pavlova, Ltd.","Ian Devling"
10318,"Island Trading","Helen Bennett",Laura,Callahan,1996-10-01,"United Package",20,"Jacks New England Clam Chowder",9.65,Seafood,"New England Seafood Cannery","Robb Merchant"
10321,"Island Trading","Helen Bennett",Janet,Leverling,1996-10-03,"United Package",10,"Steeleye Stout",18,Beverages,"Bigfoot Breweries","Cheryl Saylor"
10315,"Island Trading","Helen Bennett",Margaret,Peacock,1996-09-26,"United Package",14,"Sasquatch Ale",14,Beverages,"Bigfoot Breweries","Cheryl Saylor"
10325,"Koniglich Essen","Philip Cramer",Nancy,Davolio,1996-10-09,"Federal Shipping",40,"Mozzarella di Giovanni",34.8,"Dairy Products","Formaggi Fortini s.r.l.","Elio Rossi"
10323,"Koniglich Essen","Philip Cramer",Margaret,Peacock,1996-10-07,"Speedy Express",4,"Chartreuse verte",18,Beverages,"Aux joyeux ecclesiastiques","Guylene Nodier"
10325,"Koniglich Essen","Philip Cramer",Nancy,Davolio,1996-10-09,"Federal Shipping",4,"Gorgonzola Telino",12.5,"Dairy Products","Formaggi Fortini s.r.l.","Elio Rossi"
10323,"Koniglich Essen","Philip Cramer",Margaret,Peacock,1996-10-07,"Speedy Express",4,"NuNuCa Nuss-Nougat-Creme",14,Confections,"Heli Susswaren GmbH and Co. KG","Petra Winkler"
10325,"Koniglich Essen","Philip Cramer",Nancy,Davolio,1996-10-09,"Federal Shipping",9,Tofu,23.25,Produce,Mayumis,"Mayumi Ohno"
10325,"Koniglich Essen","Philip Cramer",Nancy,Davolio,1996-10-09,"Federal Shipping",12,Konbu,6,Seafood,Mayumis,"Mayumi Ohno"
10323,"Koniglich Essen","Philip Cramer",Margaret,Peacock,1996-10-07,"Speedy Express",5,"Genen Shouyu",15.5,Condiments,Mayumis,"Mayumi Ohno"
10325,"Koniglich Essen","Philip Cramer",Nancy,Davolio,1996-10-09,"Federal Shipping",6,"Grandmas Boysenberry Spread",25,Condiments,"Grandma Kellys Homestead","Regina Murphy"
10425,"La maison dAsie","Annette Roulet",Michael,Suyama,1997-01-24,"United Package",20,Lakkalikoori,18,Beverages,"Karkki Oy","Anne Heikkonen"
10413,"La maison dAsie","Annette Roulet",Janet,Leverling,1997-01-14,"United Package",14,Lakkalikoori,18,Beverages,"Karkki Oy","Anne Heikkonen"
10413,"La maison dAsie","Annette Roulet",Janet,Leverling,1997-01-14,"United Package",40,"Tarte au sucre",49.3,Confections,"Forets derables","Chantal Goulet"
10350,"La maison dAsie","Annette Roulet",Michael,Suyama,1996-11-11,"United Package",18,Gudbrandsdalsost,36,"Dairy Products","Norske Meierier","Beate Vileid"
10425,"La maison dAsie","Annette Roulet",Michael,Suyama,1997-01-24,"United Package",10,"Pate chinois",24,Meat/Poultry,"Ma Maison","Jean-Guy Lauzon"
10350,"La maison dAsie","Annette Roulet",Michael,Suyama,1996-11-11,"United Package",15,"Valkoinen suklaa",16.25,Confections,"Karkki Oy","Anne Heikkonen"
10371,"La maison dAsie","Annette Roulet",Nancy,Davolio,1996-12-03,"Speedy Express",6,"Inlagd Sill",19,Seafood,"Svensk Sjofoda AB","Michael Bjorn"
10358,"La maison dAsie","Annette Roulet",Steven,Buchanan,1996-11-20,"Speedy Express",20,"Inlagd Sill",19,Seafood,"Svensk Sjofoda AB","Michael Bjorn"
10358,"La maison dAsie","Annette Roulet",Steven,Buchanan,1996-11-20,"Speedy Express",10,"Sasquatch Ale",14,Beverages,"Bigfoot Breweries","Cheryl Saylor"
10358,"La maison dAsie","Annette Roulet",Steven,Buchanan,1996-11-20,"Speedy Express",10,"Guarana Fantastica",4.5,Beverages,"Refrescos Americanas LTDA","Carlos Diaz"
10413,"La maison dAsie","Annette Roulet",Janet,Leverling,1997-01-14,"United Package",24,Chais,18,Beverages,"Exotic Liquid","Charlotte Cooper"
10343,"Lehmanns Marktstand","Renate Messner",Margaret,Peacock,1996-10-31,"Speedy Express",15,Lakkalikoori,18,Beverages,"Karkki Oy","Anne Heikkonen"
10284,"Lehmanns Marktstand","Renate Messner",Margaret,Peacock,1996-08-19,"Speedy Express",5,"Laughing Lumberjack Lager",14,Beverages,"Bigfoot Breweries","Cheryl Saylor"
10343,"Lehmanns Marktstand","Renate Messner",Margaret,Peacock,1996-10-31,"Speedy Express",4,"Scottish Longbreads",12.5,Confections,"Specialty Biscuits, Ltd.","Peter Wilson"
10343,"Lehmanns Marktstand","Renate Messner",Margaret,Peacock,1996-10-31,"Speedy Express",50,"Wimmers gute Semmelknodel",33.25,Grains/Cereals,"Plutzer Lebensmittelgrossmarkte AG","Martin Bein"
10284,"Lehmanns Marktstand","Renate Messner",Margaret,Peacock,1996-08-19,"Speedy Express",20,"Camembert Pierrot",34,"Dairy Products","Gai paturage","Eliane Noz"
10284,"Lehmanns Marktstand","Renate Messner",Margaret,Peacock,1996-08-19,"Speedy Express",21,"Gula Malacca",19.45,Condiments,"Leka Trading","Chandra Leka"
10284,"Lehmanns Marktstand","Renate Messner",Margaret,Peacock,1996-08-19,"Speedy Express",15,"Schoggi Schokolade",43.9,Confections,"Heli Susswaren GmbH and Co. KG","Petra Winkler"
10279,"Lehmanns Marktstand","Renate Messner",Laura,Callahan,1996-08-13,"United Package",15,"Alice Mutton",39,Meat/Poultry,"Pavlova, Ltd.","Ian Devling"
10330,LILA-Supermercado,"Carlos Gonzalez",Janet,Leverling,1996-10-16,"Speedy Express",25,"Mozzarella di Giovanni",34.8,"Dairy Products","Formaggi Fortini s.r.l.","Elio Rossi"
10283,LILA-Supermercado,"Carlos Gonzalez",Janet,Leverling,1996-08-16,"Federal Shipping",3,"Mozzarella di Giovanni",34.8,"Dairy Products","Formaggi Fortini s.r.l.","Elio Rossi"
10381,LILA-Supermercado,"Carlos Gonzalez",Janet,Leverling,1996-12-12,"Federal Shipping",14,"Longlife Tofu",10,Produce,"Tokyo Traders","Yoshi Nagase"
10296,LILA-Supermercado,"Carlos Gonzalez",Michael,Suyama,1996-09-03,"Speedy Express",15,Gudbrandsdalsost,36,"Dairy Products","Norske Meierier","Beate Vileid"
10357,LILA-Supermercado,"Carlos Gonzalez",Nancy,Davolio,1996-11-19,"Federal Shipping",8,"Camembert Pierrot",34,"Dairy Products","Gai paturage","Eliane Noz"
10283,LILA-Supermercado,"Carlos Gonzalez",Janet,Leverling,1996-08-16,"Federal Shipping",35,"Camembert Pierrot",34,"Dairy Products","Gai paturage","Eliane Noz"
10357,LILA-Supermercado,"Carlos Gonzalez",Nancy,Davolio,1996-11-19,"Federal Shipping",16,"Gumbar Gummibarchen",31.23,Confections,"Heli Susswaren GmbH and Co. KG","Petra Winkler"
10330,LILA-Supermercado,"Carlos Gonzalez",Janet,Leverling,1996-10-16,"Speedy Express",50,"Gumbar Gummibarchen",31.23,Confections,"Heli Susswaren GmbH and Co. KG","Petra Winkler"
10283,LILA-Supermercado,"Carlos Gonzalez",Janet,Leverling,1996-08-16,"Federal Shipping",18,"Teatime Chocolate Biscuits",9.2,Confections,"Specialty Biscuits, Ltd.","Peter Wilson"
10296,LILA-Supermercado,"Carlos Gonzalez",Michael,Suyama,1996-09-03,"Speedy Express",30,Pavlova,17.45,Confections,"Pavlova, Ltd.","Ian Devling"
10283,LILA-Supermercado,"Carlos Gonzalez",Janet,Leverling,1996-08-16,"Federal Shipping",20,"Genen Shouyu",15.5,Condiments,Mayumis,"Mayumi Ohno"
10357,LILA-Supermercado,"Carlos Gonzalez",Nancy,Davolio,1996-11-19,"Federal Shipping",30,Ikura,31,Seafood,"Tokyo Traders","Yoshi Nagase"
10296,LILA-Supermercado,"Carlos Gonzalez",Michael,Suyama,1996-09-03,"Speedy Express",12,"Queso Cabrales",21,"Dairy Products","Cooperativa de Quesos Las Cabras","Antonio del Valle Saavedra"
10405,LINO-Delicateses,"Felipe Izquierdo",Nancy,Davolio,1997-01-06,"Speedy Express",50,"Aniseed Syrup",10,Condiments,"Exotic Liquid","Charlotte Cooper"
10307,"Lonesome Pine Restaurant","Fran Wilson",Andrew,Fuller,1996-09-17,"United Package",10,"Tarte au sucre",49.3,Confections,"Forets derables","Chantal Goulet"
10307,"Lonesome Pine Restaurant","Fran Wilson",Andrew,Fuller,1996-09-17,"United Package",3,"Scottish Longbreads",12.5,Confections,"Specialty Biscuits, Ltd.","Peter Wilson"
10317,"Lonesome Pine Restaurant","Fran Wilson",Michael,Suyama,1996-09-30,"Speedy Express",20,Chais,18,Beverages,"Exotic Liquid","Charlotte Cooper"
10300,"Magazzini Alimentari Riuniti","Giovanni Rovelli",Andrew,Fuller,1996-09-09,"United Package",20,"Scottish Longbreads",12.5,Confections,"Specialty Biscuits, Ltd.","Peter Wilson"
10300,"Magazzini Alimentari Riuniti","Giovanni Rovelli",Andrew,Fuller,1996-09-09,"United Package",30,"Louisiana Hot Spiced Okra",17,Condiments,"New Orleans Cajun Delights","Shelley Burke"
10275,"Magazzini Alimentari Riuniti","Giovanni Rovelli",Nancy,Davolio,1996-08-07,"Speedy Express",6,"Raclette Courdavault",55,"Dairy Products","Gai paturage","Eliane Noz"
10404,"Magazzini Alimentari Riuniti","Giovanni Rovelli",Andrew,Fuller,1997-01-03,"Speedy Express",30,Maxilaku,20,Confections,"Karkki Oy","Anne Heikkonen"
10404,"Magazzini Alimentari Riuniti","Giovanni Rovelli",Andrew,Fuller,1997-01-03,"Speedy Express",40,"Singaporean Hokkien Fried Mee",14,Grains/Cereals,"Leka Trading","Chandra Leka"
10404,"Magazzini Alimentari Riuniti","Giovanni Rovelli",Andrew,Fuller,1997-01-03,"Speedy Express",30,"Gumbar Gummibarchen",31.23,Confections,"Heli Susswaren GmbH and Co. KG","Petra Winkler"
10275,"Magazzini Alimentari Riuniti","Giovanni Rovelli",Nancy,Davolio,1996-08-07,"Speedy Express",12,"Guarana Fantastica",4.5,Beverages,"Refrescos Americanas LTDA","Carlos Diaz"
10439,"Mere Paillarde","Jean Fresniere",Michael,Suyama,1997-02-07,"Federal Shipping",30,"Longlife Tofu",10,Produce,"Tokyo Traders","Yoshi Nagase"
10339,"Mere Paillarde","Jean Fresniere",Andrew,Fuller,1996-10-28,"United Package",28,"Tarte au sucre",49.3,Confections,"Forets derables","Chantal Goulet"
10439,"Mere Paillarde","Jean Fresniere",Michael,Suyama,1997-02-07,"Federal Shipping",6,"Wimmers gute Semmelknodel",33.25,Grains/Cereals,"Plutzer Lebensmittelgrossmarkte AG","Martin Bein"
10424,"Mere Paillarde","Jean Fresniere",Robert,King,1997-01-23,"United Package",30,"Scottish Longbreads",12.5,Confections,"Specialty Biscuits, Ltd.","Peter Wilson"
10332,"Mere Paillarde","Jean Fresniere",Janet,Leverling,1996-10-17,"United Package",16,"Zaanse koeken",9.5,Confections,"Zaanse Snoepfabriek","Dirk Luchte"
10332,"Mere Paillarde","Jean Fresniere",Janet,Leverling,1996-10-17,"United Package",10,"Singaporean Hokkien Fried Mee",14,Grains/Cereals,"Leka Trading","Chandra Leka"
10424,"Mere Paillarde","Jean Fresniere",Robert,King,1997-01-23,"United Package",49,"Cote de Blaye",263.5,Beverages,"Aux joyeux ecclesiastiques","Guylene Nodier"
10424,"Mere Paillarde","Jean Fresniere",Robert,King,1997-01-23,"United Package",60,"Steeleye Stout",18,Beverages,"Bigfoot Breweries","Cheryl Saylor"
10376,"Mere Paillarde","Jean Fresniere",Nancy,Davolio,1996-12-09,"United Package",42,"Gorgonzola Telino",12.5,"Dairy Products","Formaggi Fortini s.r.l.","Elio Rossi"
10439,"Mere Paillarde","Jean Fresniere",Michael,Suyama,1997-02-07,"Federal Shipping",16,Pavlova,17.45,Confections,"Pavlova, Ltd.","Ian Devling"
10339,"Mere Paillarde","Jean Fresniere",Andrew,Fuller,1996-10-28,"United Package",70,"Alice Mutton",39,Meat/Poultry,"Pavlova, Ltd.","Ian Devling"
10332,"Mere Paillarde","Jean Fresniere",Janet,Leverling,1996-10-17,"United Package",40,"Carnarvon Tigers",62.5,Seafood,"Pavlova, Ltd.","Ian Devling"
10439,"Mere Paillarde","Jean Fresniere",Michael,Suyama,1997-02-07,"Federal Shipping",15,"Queso Manchego La Pastora",38,"Dairy Products","Cooperativa de Quesos Las Cabras","Antonio del Valle Saavedra"
10339,"Mere Paillarde","Jean Fresniere",Andrew,Fuller,1996-10-28,"United Package",10,"Chef Antons Cajun Seasoning",22,Condiments,"New Orleans Cajun Delights","Shelley Burke"
10277,"Morgenstern Gesundkost","Alexander Feuer",Andrew,Fuller,1996-08-09,"Federal Shipping",12,"Tarte au sucre",49.3,Confections,"Forets derables","Chantal Goulet"
10277,"Morgenstern Gesundkost","Alexander Feuer",Andrew,Fuller,1996-08-09,"Federal Shipping",20,"Rossle Sauerkraut",45.6,Produce,"Plutzer Lebensmittelgrossmarkte AG","Martin Bein"
10409,"Oceano Atlantico Ltda.","Yvonne Moncada",Janet,Leverling,1997-01-09,"Speedy Express",12,"Sir Rodneys Scones",10,Confections,"Specialty Biscuits, Ltd.","Peter Wilson"
10409,"Oceano Atlantico Ltda.","Yvonne Moncada",Janet,Leverling,1997-01-09,"Speedy Express",12,Tofu,23.25,Produce,Mayumis,"Mayumi Ohno"
10260,"Old World Delicatessen","Rene Phillips",Margaret,Peacock,1996-07-19,"Speedy Express",15,"Tarte au sucre",49.3,Confections,"Forets derables","Chantal Goulet"
10260,"Old World Delicatessen","Rene Phillips",Margaret,Peacock,1996-07-19,"Speedy Express",21,"Outback Lager",15,Beverages,"Pavlova, Ltd.","Ian Devling"
10260,"Old World Delicatessen","Rene Phillips",Margaret,Peacock,1996-07-19,"Speedy Express",50,"Ravioli Angelo",19.5,Grains/Cereals,"Pasta Buttini s.r.l.","Giovanni Giudici"
10305,"Old World Delicatessen","Rene Phillips",Laura,Callahan,1996-09-13,"Federal Shipping",30,"Chartreuse verte",18,Beverages,"Aux joyeux ecclesiastiques","Guylene Nodier"
10260,"Old World Delicatessen","Rene Phillips",Margaret,Peacock,1996-07-19,"Speedy Express",16,"Jacks New England Clam Chowder",9.65,Seafood,"New England Seafood Cannery","Robb Merchant"
10441,"Old World Delicatessen","Rene Phillips",Janet,Leverling,1997-02-10,"United Package",50,"Schoggi Schokolade",43.9,Confections,"Heli Susswaren GmbH and Co. KG","Petra Winkler"
10338,"Old World Delicatessen","Rene Phillips",Margaret,Peacock,1996-10-25,"Federal Shipping",15,"Nord-Ost Matjeshering",25.89,Seafood,"Nord-Ost-Fisch Handelsgesellschaft mbH","Sven Petersen"
10305,"Old World Delicatessen","Rene Phillips",Laura,Callahan,1996-09-13,"Federal Shipping",25,"Thuringer Rostbratwurst",123.79,Meat/Poultry,"Plutzer Lebensmittelgrossmarkte AG","Martin Bein"
10338,"Old World Delicatessen","Rene Phillips",Margaret,Peacock,1996-10-25,"Federal Shipping",20,"Alice Mutton",39,Meat/Poultry,"Pavlova, Ltd.","Ian Devling"
10305,"Old World Delicatessen","Rene Phillips",Laura,Callahan,1996-09-13,"Federal Shipping",25,"Carnarvon Tigers",62.5,Seafood,"Pavlova, Ltd.","Ian Devling"
10407,"Ottilies Kaseladen","Henriette Pfalzheim",Andrew,Fuller,1997-01-07,"United Package",15,Flotemysost,21.5,"Dairy Products","Norske Meierier","Beate Vileid"
10407,"Ottilies Kaseladen","Henriette Pfalzheim",Andrew,Fuller,1997-01-07,"United Package",15,Gudbrandsdalsost,36,"Dairy Products","Norske Meierier","Beate Vileid"
10407,"Ottilies Kaseladen","Henriette Pfalzheim",Andrew,Fuller,1997-01-07,"United Package",30,"Queso Cabrales",21,"Dairy Products","Cooperativa de Quesos Las Cabras","Antonio del Valle Saavedra"
10322,"Pericles Comidas clasicas","Guillermo Fernandez",Robert,King,1996-10-04,"Federal Shipping",20,"Filo Mix",7,Grains/Cereals,"Gday, Mate","Wendy Mackenzie"
10354,"Pericles Comidas clasicas","Guillermo Fernandez",Laura,Callahan,1996-11-14,"Federal Shipping",4,"Thuringer Rostbratwurst",123.79,Meat/Poultry,"Plutzer Lebensmittelgrossmarkte AG","Martin Bein"
10354,"Pericles Comidas clasicas","Guillermo Fernandez",Laura,Callahan,1996-11-14,"Federal Shipping",12,Chais,18,Beverages,"Exotic Liquid","Charlotte Cooper"
10392,"Piccolo und mehr","Georg Pipps",Andrew,Fuller,1996-12-24,"Federal Shipping",50,Gudbrandsdalsost,36,"Dairy Products","Norske Meierier","Beate Vileid"
10353,"Piccolo und mehr","Georg Pipps",Robert,King,1996-11-13,"Federal Shipping",50,"Cote de Blaye",263.5,Beverages,"Aux joyeux ecclesiastiques","Guylene Nodier"
10427,"Piccolo und mehr","Georg Pipps",Margaret,Peacock,1997-01-27,"United Package",35,Tofu,23.25,Produce,Mayumis,"Mayumi Ohno"
10353,"Piccolo und mehr","Georg Pipps",Robert,King,1996-11-13,"Federal Shipping",12,"Queso Cabrales",21,"Dairy Products","Cooperativa de Quesos Las Cabras","Antonio del Valle Saavedra"
10433,"Princesa Isabel Vinhoss","Isabel de Castro",Janet,Leverling,1997-02-03,"Federal Shipping",28,"Gnocchi di nonna Alice",38,Grains/Cereals,"Pasta Buttini s.r.l.","Giovanni Giudici"
10397,"Princesa Isabel Vinhoss","Isabel de Castro",Steven,Buchanan,1996-12-27,"Speedy Express",18,"Manjimup Dried Apples",53,Produce,"Gday, Mate","Wendy Mackenzie"
10397,"Princesa Isabel Vinhoss","Isabel de Castro",Steven,Buchanan,1996-12-27,"Speedy Express",10,"Sir Rodneys Scones",10,Confections,"Specialty Biscuits, Ltd.","Peter Wilson"
10336,"Princesa Isabel Vinhoss","Isabel de Castro",Robert,King,1996-10-23,"United Package",18,"Chef Antons Cajun Seasoning",22,Condiments,"New Orleans Cajun Delights","Shelley Burke"
10421,"Que Delicia","Bernardo Batista",Laura,Callahan,1997-01-21,"Speedy Express",10,"Original Frankfurter grune Sosse",13,Condiments,"Plutzer Lebensmittelgrossmarkte AG","Martin Bein"
10379,"Que Delicia","Bernardo Batista",Andrew,Fuller,1996-12-11,"Speedy Express",20,"Louisiana Fiery Hot Pepper Sauce",21.05,Condiments,"New Orleans Cajun Delights","Shelley Burke"
10379,"Que Delicia","Bernardo Batista",Andrew,Fuller,1996-12-11,"Speedy Express",16,Vegie-spread,43.9,Condiments,"Pavlova, Ltd.","Ian Devling"
10421,"Que Delicia","Bernardo Batista",Laura,Callahan,1997-01-21,"Speedy Express",15,"Perth Pasties",32.8,Meat/Poultry,"Gday, Mate","Wendy Mackenzie"
10291,"Que Delicia","Bernardo Batista",Michael,Suyama,1996-08-27,"United Package",2,"Manjimup Dried Apples",53,Produce,"Gday, Mate","Wendy Mackenzie"
10379,"Que Delicia","Bernardo Batista",Andrew,Fuller,1996-12-11,"Speedy Express",8,"Jacks New England Clam Chowder",9.65,Seafood,"New England Seafood Cannery","Robb Merchant"
10291,"Que Delicia","Bernardo Batista",Michael,Suyama,1996-08-27,"United Package",24,"Gula Malacca",19.45,Condiments,"Leka Trading","Chandra Leka"
10261,"Que Delicia","Bernardo Batista",Margaret,Peacock,1996-07-19,"United Package",20,"Steeleye Stout",18,Beverages,"Bigfoot Breweries","Cheryl Saylor"
10421,"Que Delicia","Bernardo Batista",Laura,Callahan,1997-01-21,"Speedy Express",30,"Gumbar Gummibarchen",31.23,Confections,"Heli Susswaren GmbH and Co. KG","Petra Winkler"
10421,"Que Delicia","Bernardo Batista",Laura,Callahan,1997-01-21,"Speedy Express",4,"Teatime Chocolate Biscuits",9.2,Confections,"Specialty Biscuits, Ltd.","Peter Wilson"
10261,"Que Delicia","Bernardo Batista",Margaret,Peacock,1996-07-19,"United Package",20,"Sir Rodneys Scones",10,Confections,"Specialty Biscuits, Ltd.","Peter Wilson"
10291,"Que Delicia","Bernardo Batista",Michael,Suyama,1996-08-27,"United Package",20,Konbu,6,Seafood,Mayumis,"Mayumi Ohno"
10372,"Queen Cozinha","Lucia Carvalho",Steven,Buchanan,1996-12-04,"United Package",42,"Mozzarella di Giovanni",34.8,"Dairy Products","Formaggi Fortini s.r.l.","Elio Rossi"
10372,"Queen Cozinha","Lucia Carvalho",Steven,Buchanan,1996-12-04,"United Package",70,"Camembert Pierrot",34,"Dairy Products","Gai paturage","Eliane Noz"
10406,"Queen Cozinha","Lucia Carvalho",Robert,King,1997-01-07,"Speedy Express",2,"Boston Crab Meat",18.4,Seafood,"New England Seafood Cannery","Robb Merchant"
10406,"Queen Cozinha","Lucia Carvalho",Robert,King,1997-01-07,"Speedy Express",5,"Inlagd Sill",19,Seafood,"Svensk Sjofoda AB","Michael Bjorn"
10372,"Queen Cozinha","Lucia Carvalho",Steven,Buchanan,1996-12-04,"United Package",40,"Cote de Blaye",263.5,Beverages,"Aux joyeux ecclesiastiques","Guylene Nodier"
10406,"Queen Cozinha","Lucia Carvalho",Robert,King,1997-01-07,"Speedy Express",42,"Rossle Sauerkraut",45.6,Produce,"Plutzer Lebensmittelgrossmarkte AG","Martin Bein"
10406,"Queen Cozinha","Lucia Carvalho",Robert,King,1997-01-07,"Speedy Express",30,"Sir Rodneys Scones",10,Confections,"Specialty Biscuits, Ltd.","Peter Wilson"
10372,"Queen Cozinha","Lucia Carvalho",Steven,Buchanan,1996-12-04,"United Package",12,"Sir Rodneys Marmalade",81,Confections,"Specialty Biscuits, Ltd.","Peter Wilson"
10406,"Queen Cozinha","Lucia Carvalho",Robert,King,1997-01-07,"Speedy Express",10,Chais,18,Beverages,"Exotic Liquid","Charlotte Cooper"
10273,QUICK-Stop,"Horst Kloss",Janet,Leverling,1996-08-05,"Federal Shipping",33,Lakkalikoori,18,Beverages,"Karkki Oy","Anne Heikkonen"
10418,QUICK-Stop,"Horst Kloss",Margaret,Peacock,1997-01-17,"Speedy Express",15,"Longlife Tofu",10,Produce,"Tokyo Traders","Yoshi Nagase"
10286,QUICK-Stop,"Horst Kloss",Laura,Callahan,1996-08-21,"Federal Shipping",40,"Tarte au sucre",49.3,Confections,"Forets derables","Chantal Goulet"
10418,QUICK-Stop,"Horst Kloss",Margaret,Peacock,1997-01-17,"Speedy Express",16,"Sirop derable",28.5,Condiments,"Forets derables","Chantal Goulet"
10361,QUICK-Stop,"Horst Kloss",Nancy,Davolio,1996-11-22,"United Package",55,"Camembert Pierrot",34,"Dairy Products","Gai paturage","Eliane Noz"
10285,QUICK-Stop,"Horst Kloss",Nancy,Davolio,1996-08-20,"United Package",36,"Perth Pasties",32.8,Meat/Poultry,"Gday, Mate","Wendy Mackenzie"
10418,QUICK-Stop,"Horst Kloss",Margaret,Peacock,1997-01-17,"Speedy Express",55,"Zaanse koeken",9.5,Confections,"Zaanse Snoepfabriek","Dirk Luchte"
10345,QUICK-Stop,"Horst Kloss",Andrew,Fuller,1996-11-04,"United Package",9,"Singaporean Hokkien Fried Mee",14,Grains/Cereals,"Leka Trading","Chandra Leka"
10361,QUICK-Stop,"Horst Kloss",Nancy,Davolio,1996-11-22,"United Package",54,"Chartreuse verte",18,Beverages,"Aux joyeux ecclesiastiques","Guylene Nodier"
10313,QUICK-Stop,"Horst Kloss",Andrew,Fuller,1996-09-24,"United Package",12,"Inlagd Sill",19,Seafood,"Svensk Sjofoda AB","Michael Bjorn"
10285,QUICK-Stop,"Horst Kloss",Nancy,Davolio,1996-08-20,"United Package",40,"Boston Crab Meat",18.4,Seafood,"New England Seafood Cannery","Robb Merchant"
10273,QUICK-Stop,"Horst Kloss",Janet,Leverling,1996-08-05,"Federal Shipping",60,"Boston Crab Meat",18.4,Seafood,"New England Seafood Cannery","Robb Merchant"
10286,QUICK-Stop,"Horst Kloss",Laura,Callahan,1996-08-21,"Federal Shipping",100,"Steeleye Stout",18,Beverages,"Bigfoot Breweries","Cheryl Saylor"
10273,QUICK-Stop,"Horst Kloss",Janet,Leverling,1996-08-05,"Federal Shipping",20,Geitost,2.5,"Dairy Products","Norske Meierier","Beate Vileid"
10273,QUICK-Stop,"Horst Kloss",Janet,Leverling,1996-08-05,"Federal Shipping",15,"Gorgonzola Telino",12.5,"Dairy Products","Formaggi Fortini s.r.l.","Elio Rossi"
10345,QUICK-Stop,"Horst Kloss",Andrew,Fuller,1996-11-04,"United Package",80,"Teatime Chocolate Biscuits",9.2,Confections,"Specialty Biscuits, Ltd.","Peter Wilson"
10273,QUICK-Stop,"Horst Kloss",Janet,Leverling,1996-08-05,"Federal Shipping",24,Ikura,31,Seafood,"Tokyo Traders","Yoshi Nagase"
10418,QUICK-Stop,"Horst Kloss",Margaret,Peacock,1997-01-17,"Speedy Express",60,Chang,19,Beverages,"Exotic Liquid","Charlotte Cooper"
10345,QUICK-Stop,"Horst Kloss",Andrew,Fuller,1996-11-04,"United Package",70,"Northwoods Cranberry Sauce",40,Condiments,"Grandma Kellys Homestead","Regina Murphy"
10285,QUICK-Stop,"Horst Kloss",Nancy,Davolio,1996-08-20,"United Package",45,Chais,18,Beverages,"Exotic Liquid","Charlotte Cooper"
10401,"Rattlesnake Canyon Grocery","Paula Wilson",Nancy,Davolio,1997-01-01,"Speedy Express",60,Flotemysost,21.5,"Dairy Products","Norske Meierier","Beate Vileid"
10272,"Rattlesnake Canyon Grocery","Paula Wilson",Michael,Suyama,1996-08-02,"United Package",24,"Mozzarella di Giovanni",34.8,"Dairy Products","Formaggi Fortini s.r.l.","Elio Rossi"
10316,"Rattlesnake Canyon Grocery","Paula Wilson",Nancy,Davolio,1996-09-27,"Federal Shipping",70,"Tarte au sucre",49.3,Confections,"Forets derables","Chantal Goulet"
10314,"Rattlesnake Canyon Grocery","Paula Wilson",Nancy,Davolio,1996-09-25,"United Package",25,"Tarte au sucre",49.3,Confections,"Forets derables","Chantal Goulet"
10294,"Rattlesnake Canyon Grocery","Paula Wilson",Margaret,Peacock,1996-08-30,"United Package",6,"Rhonbrau Klosterbier",7.75,Beverages,"Plutzer Lebensmittelgrossmarkte AG","Martin Bein"
10401,"Rattlesnake Canyon Grocery","Paula Wilson",Nancy,Davolio,1997-01-01,"Speedy Express",20,"Louisiana Fiery Hot Pepper Sauce",21.05,Condiments,"New Orleans Cajun Delights","Shelley Burke"
10401,"Rattlesnake Canyon Grocery","Paula Wilson",Nancy,Davolio,1997-01-01,"Speedy Express",70,"Gnocchi di nonna Alice",38,Grains/Cereals,"Pasta Buttini s.r.l.","Giovanni Giudici"
10346,"Rattlesnake Canyon Grocery","Paula Wilson",Janet,Leverling,1996-11-05,"Federal Shipping",20,"Gnocchi di nonna Alice",38,Grains/Cereals,"Pasta Buttini s.r.l.","Giovanni Giudici"
10314,"Rattlesnake Canyon Grocery","Paula Wilson",Nancy,Davolio,1996-09-25,"United Package",30,"Escargots de Bourgogne",13.25,Seafood,"Escargots Nouveaux","Marie Delamare"
10294,"Rattlesnake Canyon Grocery","Paula Wilson",Margaret,Peacock,1996-08-30,"United Package",21,"Camembert Pierrot",34,"Dairy Products","Gai paturage","Eliane Noz"
10262,"Rattlesnake Canyon Grocery","Paula Wilson",Laura,Callahan,1996-07-22,"Federal Shipping",2,"Gnocchi di nonna Alice",38,Grains/Cereals,"Pasta Buttini s.r.l.","Giovanni Giudici"
10294,"Rattlesnake Canyon Grocery","Paula Wilson",Margaret,Peacock,1996-08-30,"United Package",15,"Ipoh Coffee",46,Beverages,"Leka Trading","Chandra Leka"
10316,"Rattlesnake Canyon Grocery","Paula Wilson",Nancy,Davolio,1996-09-27,"Federal Shipping",10,"Jacks New England Clam Chowder",9.65,Seafood,"New England Seafood Cannery","Robb Merchant"
10314,"Rattlesnake Canyon Grocery","Paula Wilson",Nancy,Davolio,1996-09-25,"United Package",40,"Mascarpone Fabioli",32,"Dairy Products","Formaggi Fortini s.r.l.","Elio Rossi"
10272,"Rattlesnake Canyon Grocery","Paula Wilson",Michael,Suyama,1996-08-02,"United Package",40,"Gorgonzola Telino",12.5,"Dairy Products","Formaggi Fortini s.r.l.","Elio Rossi"
10401,"Rattlesnake Canyon Grocery","Paula Wilson",Nancy,Davolio,1997-01-01,"Speedy Express",18,"Nord-Ost Matjeshering",25.89,Seafood,"Nord-Ost-Fisch Handelsgesellschaft mbH","Sven Petersen"
10346,"Rattlesnake Canyon Grocery","Paula Wilson",Janet,Leverling,1996-11-05,"Federal Shipping",36,"Alice Mutton",39,Meat/Poultry,"Pavlova, Ltd.","Ian Devling"
10294,"Rattlesnake Canyon Grocery","Paula Wilson",Margaret,Peacock,1996-08-30,"United Package",15,"Alice Mutton",39,Meat/Poultry,"Pavlova, Ltd.","Ian Devling"
10272,"Rattlesnake Canyon Grocery","Paula Wilson",Michael,Suyama,1996-08-02,"United Package",6,"Sir Rodneys Marmalade",81,Confections,"Specialty Biscuits, Ltd.","Peter Wilson"
10262,"Rattlesnake Canyon Grocery","Paula Wilson",Laura,Callahan,1996-07-22,"Federal Shipping",15,"Uncle Bobs Organic Dried Pears",30,Produce,"Grandma Kellys Homestead","Regina Murphy"
10294,"Rattlesnake Canyon Grocery","Paula Wilson",Margaret,Peacock,1996-08-30,"United Package",18,Chais,18,Beverages,"Exotic Liquid","Charlotte Cooper"
10262,"Rattlesnake Canyon Grocery","Paula Wilson",Laura,Callahan,1996-07-22,"Federal Shipping",12,"Chef Antons Gumbo Mix",21.35,Condiments,"New Orleans Cajun Delights","Shelley Burke"
10288,"Reggiani Caseifici","Maurizio Moroni",Margaret,Peacock,1996-08-23,"Speedy Express",3,"Scottish Longbreads",12.5,Confections,"Specialty Biscuits, Ltd.","Peter Wilson"
10288,"Reggiani Caseifici","Maurizio Moroni",Margaret,Peacock,1996-08-23,"Speedy Express",10,Tourtiere,7.45,Meat/Poultry,"Ma Maison","Jean-Guy Lauzon"
10428,"Reggiani Caseifici","Maurizio Moroni",Robert,King,1997-01-28,"Speedy Express",20,Spegesild,12,Seafood,Lyngbysild,"Niels Petersen"
10443,"Reggiani Caseifici","Maurizio Moroni",Laura,Callahan,1997-02-12,"Speedy Express",12,"Rossle Sauerkraut",45.6,Produce,"Plutzer Lebensmittelgrossmarkte AG","Martin Bein"
10443,"Reggiani Caseifici","Maurizio Moroni",Laura,Callahan,1997-02-12,"Speedy Express",6,"Queso Cabrales",21,"Dairy Products","Cooperativa de Quesos Las Cabras","Antonio del Valle Saavedra"
10299,"Ricardo Adocicados","Janete Limeira",Margaret,Peacock,1996-09-06,"United Package",20,"Outback Lager",15,Beverages,"Pavlova, Ltd.","Ian Devling"
10287,"Ricardo Adocicados","Janete Limeira",Laura,Callahan,1996-08-22,"Federal Shipping",15,Spegesild,12,Seafood,Lyngbysild,"Niels Petersen"
10287,"Ricardo Adocicados","Janete Limeira",Laura,Callahan,1996-08-22,"Federal Shipping",20,"Sasquatch Ale",14,Beverages,"Bigfoot Breweries","Cheryl Saylor"
10299,"Ricardo Adocicados","Janete Limeira",Margaret,Peacock,1996-09-06,"United Package",15,"Teatime Chocolate Biscuits",9.2,Confections,"Specialty Biscuits, Ltd.","Peter Wilson"
10287,"Ricardo Adocicados","Janete Limeira",Laura,Callahan,1996-08-22,"Federal Shipping",40,Pavlova,17.45,Confections,"Pavlova, Ltd.","Ian Devling"
10419,"Richter Supermarkt","Michael Holz",Margaret,Peacock,1997-01-20,"United Package",20,Gudbrandsdalsost,36,"Dairy Products","Norske Meierier","Beate Vileid"
10419,"Richter Supermarkt","Michael Holz",Margaret,Peacock,1997-01-20,"United Package",60,"Camembert Pierrot",34,"Dairy Products","Gai paturage","Eliane Noz"
10255,"Richter Supermarkt","Michael Holz",Anne,Dodsworth,1996-07-12,"Federal Shipping",30,"Raclette Courdavault",55,"Dairy Products","Gai paturage","Eliane Noz"
10255,"Richter Supermarkt","Michael Holz",Anne,Dodsworth,1996-07-12,"Federal Shipping",25,"Inlagd Sill",19,Seafood,"Svensk Sjofoda AB","Michael Bjorn"
10255,"Richter Supermarkt","Michael Holz",Anne,Dodsworth,1996-07-12,"Federal Shipping",35,Pavlova,17.45,Confections,"Pavlova, Ltd.","Ian Devling"
10255,"Richter Supermarkt","Michael Holz",Anne,Dodsworth,1996-07-12,"Federal Shipping",20,Chang,19,Beverages,"Exotic Liquid","Charlotte Cooper"
10282,"Romero y tomillo","Alejandra Camino",Margaret,Peacock,1996-08-15,"Speedy Express",2,"Ravioli Angelo",19.5,Grains/Cereals,"Pasta Buttini s.r.l.","Giovanni Giudici"
10306,"Romero y tomillo","Alejandra Camino",Nancy,Davolio,1996-09-16,"Federal Shipping",5,Tourtiere,7.45,Meat/Poultry,"Ma Maison","Jean-Guy Lauzon"
10306,"Romero y tomillo","Alejandra Camino",Nancy,Davolio,1996-09-16,"Federal Shipping",10,"Perth Pasties",32.8,Meat/Poultry,"Gday, Mate","Wendy Mackenzie"
10281,"Romero y tomillo","Alejandra Camino",Margaret,Peacock,1996-08-14,"Speedy Express",4,"Steeleye Stout",18,Beverages,"Bigfoot Breweries","Cheryl Saylor"
10306,"Romero y tomillo","Alejandra Camino",Nancy,Davolio,1996-09-16,"Federal Shipping",10,"Nord-Ost Matjeshering",25.89,Seafood,"Nord-Ost-Fisch Handelsgesellschaft mbH","Sven Petersen"
10282,"Romero y tomillo","Alejandra Camino",Margaret,Peacock,1996-08-15,"Speedy Express",6,"Nord-Ost Matjeshering",25.89,Seafood,"Nord-Ost-Fisch Handelsgesellschaft mbH","Sven Petersen"
10281,"Romero y tomillo","Alejandra Camino",Margaret,Peacock,1996-08-14,"Speedy Express",6,"Guarana Fantastica",4.5,Beverages,"Refrescos Americanas LTDA","Carlos Diaz"
10281,"Romero y tomillo","Alejandra Camino",Margaret,Peacock,1996-08-14,"Speedy Express",1,"Teatime Chocolate Biscuits",9.2,Confections,"Specialty Biscuits, Ltd.","Peter Wilson"
10387,"Sante Gourmet","Jonas Bergulfsen",Nancy,Davolio,1996-12-18,"United Package",15,Flotemysost,21.5,"Dairy Products","Norske Meierier","Beate Vileid"
10387,"Sante Gourmet","Jonas Bergulfsen",Nancy,Davolio,1996-12-18,"United Package",12,"Raclette Courdavault",55,"Dairy Products","Gai paturage","Eliane Noz"
10387,"Sante Gourmet","Jonas Bergulfsen",Nancy,Davolio,1996-12-18,"United Package",6,"Rossle Sauerkraut",45.6,Produce,"Plutzer Lebensmittelgrossmarkte AG","Martin Bein"
10387,"Sante Gourmet","Jonas Bergulfsen",Nancy,Davolio,1996-12-18,"United Package",15,"Guarana Fantastica",4.5,Beverages,"Refrescos Americanas LTDA","Carlos Diaz"
10324,"Save-a-lot Markets","Jose Pavarotti",Anne,Dodsworth,1996-10-08,"Speedy Express",80,Vegie-spread,43.9,Condiments,"Pavlova, Ltd.","Ian Devling"
10440,"Save-a-lot Markets","Jose Pavarotti",Margaret,Peacock,1997-02-10,"United Package",90,"Sirop derable",28.5,Condiments,"Forets derables","Chantal Goulet"
10324,"Save-a-lot Markets","Jose Pavarotti",Anne,Dodsworth,1996-10-08,"Speedy Express",40,"Raclette Courdavault",55,"Dairy Products","Gai paturage","Eliane Noz"
10398,"Save-a-lot Markets","Jose Pavarotti",Andrew,Fuller,1996-12-30,"Federal Shipping",120,"Pate chinois",24,Meat/Poultry,"Ma Maison","Jean-Guy Lauzon"
10324,"Save-a-lot Markets","Jose Pavarotti",Anne,Dodsworth,1996-10-08,"Speedy Express",30,Spegesild,12,Seafood,Lyngbysild,"Niels Petersen"
10398,"Save-a-lot Markets","Jose Pavarotti",Andrew,Fuller,1996-12-30,"Federal Shipping",30,"Steeleye Stout",18,Beverages,"Bigfoot Breweries","Cheryl Saylor"
10393,"Save-a-lot Markets","Jose Pavarotti",Nancy,Davolio,1996-12-25,"Federal Shipping",32,"Gorgonzola Telino",12.5,"Dairy Products","Formaggi Fortini s.r.l.","Elio Rossi"
10324,"Save-a-lot Markets","Jose Pavarotti",Anne,Dodsworth,1996-10-08,"Speedy Express",70,"Steeleye Stout",18,Beverages,"Bigfoot Breweries","Cheryl Saylor"
10440,"Save-a-lot Markets","Jose Pavarotti",Margaret,Peacock,1997-02-10,"United Package",24,"Thuringer Rostbratwurst",123.79,Meat/Poultry,"Plutzer Lebensmittelgrossmarkte AG","Martin Bein"
10393,"Save-a-lot Markets","Jose Pavarotti",Nancy,Davolio,1996-12-25,"Federal Shipping",70,"Gumbar Gummibarchen",31.23,Confections,"Heli Susswaren GmbH and Co. KG","Petra Winkler"
10393,"Save-a-lot Markets","Jose Pavarotti",Nancy,Davolio,1996-12-25,"Federal Shipping",7,"NuNuCa Nuss-Nougat-Creme",14,Confections,"Heli Susswaren GmbH and Co. KG","Petra Winkler"
10440,"Save-a-lot Markets","Jose Pavarotti",Margaret,Peacock,1997-02-10,"United Package",49,Pavlova,17.45,Confections,"Pavlova, Ltd.","Ian Devling"
10393,"Save-a-lot Markets","Jose Pavarotti",Nancy,Davolio,1996-12-25,"Federal Shipping",42,Tofu,23.25,Produce,Mayumis,"Mayumi Ohno"
10324,"Save-a-lot Markets","Jose Pavarotti",Anne,Dodsworth,1996-10-08,"Speedy Express",21,Pavlova,17.45,Confections,"Pavlova, Ltd.","Ian Devling"
10440,"Save-a-lot Markets","Jose Pavarotti",Margaret,Peacock,1997-02-10,"United Package",45,Chang,19,Beverages,"Exotic Liquid","Charlotte Cooper"
10393,"Save-a-lot Markets","Jose Pavarotti",Nancy,Davolio,1996-12-25,"Federal Shipping",25,Chang,19,Beverages,"Exotic Liquid","Charlotte Cooper"
10359,"Seven Seas Imports","Hari Kumar",Steven,Buchanan,1996-11-21,"Federal Shipping",80,"Camembert Pierrot",34,"Dairy Products","Gai paturage","Eliane Noz"
10388,"Seven Seas Imports","Hari Kumar",Andrew,Fuller,1996-12-19,"Speedy Express",40,"Perth Pasties",32.8,Meat/Poultry,"Gday, Mate","Wendy Mackenzie"
10388,"Seven Seas Imports","Hari Kumar",Andrew,Fuller,1996-12-19,"Speedy Express",20,"Filo Mix",7,Grains/Cereals,"Gday, Mate","Wendy Mackenzie"
10388,"Seven Seas Imports","Hari Kumar",Andrew,Fuller,1996-12-19,"Speedy Express",15,"Rogede sild",9.5,Seafood,Lyngbysild,"Niels Petersen"
10377,"Seven Seas Imports","Hari Kumar",Nancy,Davolio,1996-12-09,"Federal Shipping",20,"Chartreuse verte",18,Beverages,"Aux joyeux ecclesiastiques","Guylene Nodier"
10359,"Seven Seas Imports","Hari Kumar",Steven,Buchanan,1996-11-21,"Federal Shipping",70,"Gorgonzola Telino",12.5,"Dairy Products","Formaggi Fortini s.r.l.","Elio Rossi"
10377,"Seven Seas Imports","Hari Kumar",Nancy,Davolio,1996-12-09,"Federal Shipping",20,"Rossle Sauerkraut",45.6,Produce,"Plutzer Lebensmittelgrossmarkte AG","Martin Bein"
10359,"Seven Seas Imports","Hari Kumar",Steven,Buchanan,1996-11-21,"Federal Shipping",56,Pavlova,17.45,Confections,"Pavlova, Ltd.","Ian Devling"
10417,"Simons bistro","Jytte Petersen",Margaret,Peacock,1997-01-16,"Federal Shipping",35,"Original Frankfurter grune Sosse",13,Condiments,"Plutzer Lebensmittelgrossmarkte AG","Martin Bein"
10417,"Simons bistro","Jytte Petersen",Margaret,Peacock,1997-01-16,"Federal Shipping",36,"Scottish Longbreads",12.5,Confections,"Specialty Biscuits, Ltd.","Peter Wilson"
10341,"Simons bistro","Jytte Petersen",Robert,King,1996-10-29,"Federal Shipping",9,"Raclette Courdavault",55,"Dairy Products","Gai paturage","Eliane Noz"
10417,"Simons bistro","Jytte Petersen",Margaret,Peacock,1997-01-16,"Federal Shipping",2,Spegesild,12,Seafood,Lyngbysild,"Niels Petersen"
10417,"Simons bistro","Jytte Petersen",Margaret,Peacock,1997-01-16,"Federal Shipping",50,"Cote de Blaye",263.5,Beverages,"Aux joyeux ecclesiastiques","Guylene Nodier"
10341,"Simons bistro","Jytte Petersen",Robert,King,1996-10-29,"Federal Shipping",8,Geitost,2.5,"Dairy Products","Norske Meierier","Beate Vileid"
10385,"Split Rail Beer & Ale","Art Braunschweiger",Nancy,Davolio,1996-12-17,"United Package",8,"Scottish Longbreads",12.5,Confections,"Specialty Biscuits, Ltd.","Peter Wilson"
10385,"Split Rail Beer & Ale","Art Braunschweiger",Nancy,Davolio,1996-12-17,"United Package",20,"Camembert Pierrot",34,"Dairy Products","Gai paturage","Eliane Noz"
10369,"Split Rail Beer & Ale","Art Braunschweiger",Laura,Callahan,1996-12-02,"United Package",18,"Gnocchi di nonna Alice",38,Grains/Cereals,"Pasta Buttini s.r.l.","Giovanni Giudici"
10329,"Split Rail Beer & Ale","Art Braunschweiger",Margaret,Peacock,1996-10-15,"United Package",12,"Gnocchi di nonna Alice",38,Grains/Cereals,"Pasta Buttini s.r.l.","Giovanni Giudici"
10432,"Split Rail Beer & Ale","Art Braunschweiger",Janet,Leverling,1997-01-31,"United Package",40,Tourtiere,7.45,Meat/Poultry,"Ma Maison","Jean-Guy Lauzon"
10349,"Split Rail Beer & Ale","Art Braunschweiger",Robert,King,1996-11-08,"Speedy Express",24,Tourtiere,7.45,Meat/Poultry,"Ma Maison","Jean-Guy Lauzon"
10329,"Split Rail Beer & Ale","Art Braunschweiger",Margaret,Peacock,1996-10-15,"United Package",20,"Cote de Blaye",263.5,Beverages,"Aux joyeux ecclesiastiques","Guylene Nodier"
10271,"Split Rail Beer & Ale","Art Braunschweiger",Michael,Suyama,1996-08-01,"United Package",24,Geitost,2.5,"Dairy Products","Norske Meierier","Beate Vileid"
10432,"Split Rail Beer & Ale","Art Braunschweiger",Janet,Leverling,1997-01-31,"United Package",10,"Gumbar Gummibarchen",31.23,Confections,"Heli Susswaren GmbH and Co. KG","Petra Winkler"
10369,"Split Rail Beer & Ale","Art Braunschweiger",Laura,Callahan,1996-12-02,"United Package",20,"Thuringer Rostbratwurst",123.79,Meat/Poultry,"Plutzer Lebensmittelgrossmarkte AG","Martin Bein"
10329,"Split Rail Beer & Ale","Art Braunschweiger",Margaret,Peacock,1996-10-15,"United Package",8,"Nord-Ost Matjeshering",25.89,Seafood,"Nord-Ost-Fisch Handelsgesellschaft mbH","Sven Petersen"
10329,"Split Rail Beer & Ale","Art Braunschweiger",Margaret,Peacock,1996-10-15,"United Package",10,"Teatime Chocolate Biscuits",9.2,Confections,"Specialty Biscuits, Ltd.","Peter Wilson"
10385,"Split Rail Beer & Ale","Art Braunschweiger",Nancy,Davolio,1996-12-17,"United Package",10,"Uncle Bobs Organic Dried Pears",30,Produce,"Grandma Kellys Homestead","Regina Murphy"
10252,"Supremes delices","Pascale Cartrain",Margaret,Peacock,1996-07-09,"United Package",40,"Camembert Pierrot",34,"Dairy Products","Gai paturage","Eliane Noz"
10302,"Supremes delices","Pascale Cartrain",Margaret,Peacock,1996-09-10,"United Package",12,"Ipoh Coffee",46,Beverages,"Leka Trading","Chandra Leka"
10252,"Supremes delices","Pascale Cartrain",Margaret,Peacock,1996-07-09,"United Package",25,Geitost,2.5,"Dairy Products","Norske Meierier","Beate Vileid"
10302,"Supremes delices","Pascale Cartrain",Margaret,Peacock,1996-09-10,"United Package",28,"Rossle Sauerkraut",45.6,Produce,"Plutzer Lebensmittelgrossmarkte AG","Martin Bein"
10302,"Supremes delices","Pascale Cartrain",Margaret,Peacock,1996-09-10,"United Package",40,"Alice Mutton",39,Meat/Poultry,"Pavlova, Ltd.","Ian Devling"
10252,"Supremes delices","Pascale Cartrain",Margaret,Peacock,1996-07-09,"United Package",40,"Sir Rodneys Marmalade",81,Confections,"Specialty Biscuits, Ltd.","Peter Wilson"
10310,"The Big Cheese","Liz Nixon",Laura,Callahan,1996-09-20,"United Package",5,"Tarte au sucre",49.3,Confections,"Forets derables","Chantal Goulet"
10310,"The Big Cheese","Liz Nixon",Laura,Callahan,1996-09-20,"United Package",10,Pavlova,17.45,Confections,"Pavlova, Ltd.","Ian Devling"
10438,"Toms Spezialitaten","Karin Josephs",Janet,Leverling,1997-02-06,"United Package",15,"Ravioli Angelo",19.5,Grains/Cereals,"Pasta Buttini s.r.l.","Giovanni Giudici"
10438,"Toms Spezialitaten","Karin Josephs",Janet,Leverling,1997-02-06,"United Package",20,"Sasquatch Ale",14,Beverages,"Bigfoot Breweries","Cheryl Saylor"
10438,"Toms Spezialitaten","Karin Josephs",Janet,Leverling,1997-02-06,"United Package",15,"Teatime Chocolate Biscuits",9.2,Confections,"Specialty Biscuits, Ltd.","Peter Wilson"
10319,"Tortuga Restaurante","Miguel Angel Paolino",Robert,King,1996-10-02,"Federal Shipping",30,Lakkalikoori,18,Beverages,"Karkki Oy","Anne Heikkonen"
10304,"Tortuga Restaurante","Miguel Angel Paolino",Nancy,Davolio,1996-09-12,"United Package",2,Flotemysost,21.5,"Dairy Products","Norske Meierier","Beate Vileid"
10293,"Tortuga Restaurante","Miguel Angel Paolino",Nancy,Davolio,1996-08-29,"Federal Shipping",6,"Rhonbrau Klosterbier",7.75,Beverages,"Plutzer Lebensmittelgrossmarkte AG","Martin Bein"
10293,"Tortuga Restaurante","Miguel Angel Paolino",Nancy,Davolio,1996-08-29,"Federal Shipping",5,Vegie-spread,43.9,Condiments,"Pavlova, Ltd.","Ian Devling"
10304,"Tortuga Restaurante","Miguel Angel Paolino",Nancy,Davolio,1996-09-12,"United Package",10,"Raclette Courdavault",55,"Dairy Products","Gai paturage","Eliane Noz"
10304,"Tortuga Restaurante","Miguel Angel Paolino",Nancy,Davolio,1996-09-12,"United Package",30,Maxilaku,20,Confections,"Karkki Oy","Anne Heikkonen"
10319,"Tortuga Restaurante","Miguel Angel Paolino",Robert,King,1996-10-02,"Federal Shipping",14,"Rossle Sauerkraut",45.6,Produce,"Plutzer Lebensmittelgrossmarkte AG","Martin Bein"
10293,"Tortuga Restaurante","Miguel Angel Paolino",Nancy,Davolio,1996-08-29,"Federal Shipping",10,"Guarana Fantastica",4.5,Beverages,"Refrescos Americanas LTDA","Carlos Diaz"
10319,"Tortuga Restaurante","Miguel Angel Paolino",Robert,King,1996-10-02,"Federal Shipping",8,"Alice Mutton",39,Meat/Poultry,"Pavlova, Ltd.","Ian Devling"
10293,"Tortuga Restaurante","Miguel Angel Paolino",Nancy,Davolio,1996-08-29,"Federal Shipping",12,"Carnarvon Tigers",62.5,Seafood,"Pavlova, Ltd.","Ian Devling"
10276,"Tortuga Restaurante","Miguel Angel Paolino",Laura,Callahan,1996-08-08,"Federal Shipping",10,Konbu,6,Seafood,Mayumis,"Mayumi Ohno"
10276,"Tortuga Restaurante","Miguel Angel Paolino",Laura,Callahan,1996-08-08,"Federal Shipping",15,Ikura,31,Seafood,"Tokyo Traders","Yoshi Nagase"
10249,"Tradicao Hipermercados","Anabela Domingues",Michael,Suyama,1996-07-05,"Speedy Express",40,"Manjimup Dried Apples",53,Produce,"Gday, Mate","Wendy Mackenzie"
10292,"Tradicao Hipermercados","Anabela Domingues",Nancy,Davolio,1996-08-28,"United Package",20,"Sir Rodneys Marmalade",81,Confections,"Specialty Biscuits, Ltd.","Peter Wilson"
10249,"Tradicao Hipermercados","Anabela Domingues",Michael,Suyama,1996-07-05,"Speedy Express",9,Tofu,23.25,Produce,Mayumis,"Mayumi Ohno"
10399,Vaffeljernet,"Palle Ibsen",Laura,Callahan,1996-12-31,"Federal Shipping",35,Lakkalikoori,18,Beverages,"Karkki Oy","Anne Heikkonen"
10399,Vaffeljernet,"Palle Ibsen",Laura,Callahan,1996-12-31,"Federal Shipping",30,Flotemysost,21.5,"Dairy Products","Norske Meierier","Beate Vileid"
10399,Vaffeljernet,"Palle Ibsen",Laura,Callahan,1996-12-31,"Federal Shipping",14,"Original Frankfurter grune Sosse",13,Condiments,"Plutzer Lebensmittelgrossmarkte AG","Martin Bein"
10367,Vaffeljernet,"Palle Ibsen",Robert,King,1996-11-28,"Federal Shipping",7,"Original Frankfurter grune Sosse",13,Condiments,"Plutzer Lebensmittelgrossmarkte AG","Martin Bein"
10399,Vaffeljernet,"Palle Ibsen",Laura,Callahan,1996-12-31,"Federal Shipping",60,"Scottish Longbreads",12.5,Confections,"Specialty Biscuits, Ltd.","Peter Wilson"
10367,Vaffeljernet,"Palle Ibsen",Robert,King,1996-11-28,"Federal Shipping",15,"Louisiana Fiery Hot Pepper Sauce",21.05,Condiments,"New Orleans Cajun Delights","Shelley Burke"
10367,Vaffeljernet,"Palle Ibsen",Robert,King,1996-11-28,"Federal Shipping",18,Tourtiere,7.45,Meat/Poultry,"Ma Maison","Jean-Guy Lauzon"
10367,Vaffeljernet,"Palle Ibsen",Robert,King,1996-11-28,"Federal Shipping",36,"Sasquatch Ale",14,Beverages,"Bigfoot Breweries","Cheryl Saylor"
10334,"Victuailles en stock","Mary Saveley",Laura,Callahan,1996-10-21,"United Package",10,"Scottish Longbreads",12.5,Confections,"Specialty Biscuits, Ltd.","Peter Wilson"
10251,"Victuailles en stock","Mary Saveley",Janet,Leverling,1996-07-08,"Speedy Express",20,"Louisiana Fiery Hot Pepper Sauce",21.05,Condiments,"New Orleans Cajun Delights","Shelley Burke"
10334,"Victuailles en stock","Mary Saveley",Laura,Callahan,1996-10-21,"United Package",8,"Filo Mix",7,Grains/Cereals,"Gday, Mate","Wendy Mackenzie"
10251,"Victuailles en stock","Mary Saveley",Janet,Leverling,1996-07-08,"Speedy Express",15,"Ravioli Angelo",19.5,Grains/Cereals,"Pasta Buttini s.r.l.","Giovanni Giudici"
10251,"Victuailles en stock","Mary Saveley",Janet,Leverling,1996-07-08,"Speedy Express",6,"Gustafs Knackebrod",21,Grains/Cereals,"PB Knackebrod AB","Lars Peterson"
10274,"Vins et alcools Chevalier","Paul Henriot",Michael,Suyama,1996-08-06,"Speedy Express",7,"Mozzarella di Giovanni",34.8,"Dairy Products","Formaggi Fortini s.r.l.","Elio Rossi"
10274,"Vins et alcools Chevalier","Paul Henriot",Michael,Suyama,1996-08-06,"Speedy Express",20,Flotemysost,21.5,"Dairy Products","Norske Meierier","Beate Vileid"
10295,"Vins et alcools Chevalier","Paul Henriot",Andrew,Fuller,1996-09-02,"United Package",4,"Gnocchi di nonna Alice",38,Grains/Cereals,"Pasta Buttini s.r.l.","Giovanni Giudici"
10312,"Die Wandernde Kuh","Rita Muller",Andrew,Fuller,1996-09-23,"United Package",10,"Rhonbrau Klosterbier",7.75,Beverages,"Plutzer Lebensmittelgrossmarkte AG","Martin Bein"
10356,"Die Wandernde Kuh","Rita Muller",Michael,Suyama,1996-11-18,"United Package",20,Gudbrandsdalsost,36,"Dairy Products","Norske Meierier","Beate Vileid"
10301,"Die Wandernde Kuh","Rita Muller",Laura,Callahan,1996-09-09,"United Package",20,"Gnocchi di nonna Alice",38,Grains/Cereals,"Pasta Buttini s.r.l.","Giovanni Giudici"
10356,"Die Wandernde Kuh","Rita Muller",Michael,Suyama,1996-11-18,"United Package",12,"Pate chinois",24,Meat/Poultry,"Ma Maison","Jean-Guy Lauzon"
10312,"Die Wandernde Kuh","Rita Muller",Andrew,Fuller,1996-09-23,"United Package",20,"Perth Pasties",32.8,Meat/Poultry,"Gday, Mate","Wendy Mackenzie"
10312,"Die Wandernde Kuh","Rita Muller",Andrew,Fuller,1996-09-23,"United Package",24,"Ipoh Coffee",46,Beverages,"Leka Trading","Chandra Leka"
10301,"Die Wandernde Kuh","Rita Muller",Laura,Callahan,1996-09-09,"United Package",10,"Boston Crab Meat",18.4,Seafood,"New England Seafood Cannery","Robb Merchant"
10356,"Die Wandernde Kuh","Rita Muller",Michael,Suyama,1996-11-18,"United Package",30,"Gorgonzola Telino",12.5,"Dairy Products","Formaggi Fortini s.r.l.","Elio Rossi"
10312,"Die Wandernde Kuh","Rita Muller",Andrew,Fuller,1996-09-23,"United Package",4,"Rossle Sauerkraut",45.6,Produce,"Plutzer Lebensmittelgrossmarkte AG","Martin Bein"
10348,"Die Wandernde Kuh","Rita Muller",Margaret,Peacock,1996-11-07,"United Package",25,Tunnbrod,9,Grains/Cereals,"PB Knackebrod AB","Lars Peterson"
10348,"Die Wandernde Kuh","Rita Muller",Margaret,Peacock,1996-11-07,"United Package",15,Chais,18,Beverages,"Exotic Liquid","Charlotte Cooper"
10333,"Wartian Herkku","Pirkko Koskitalo",Steven,Buchanan,1996-10-18,"Federal Shipping",40,Flotemysost,21.5,"Dairy Products","Norske Meierier","Beate Vileid"
10320,"Wartian Herkku","Pirkko Koskitalo",Steven,Buchanan,1996-10-03,"Federal Shipping",30,Flotemysost,21.5,"Dairy Products","Norske Meierier","Beate Vileid"
10416,"Wartian Herkku","Pirkko Koskitalo",Laura,Callahan,1997-01-16,"Federal Shipping",20,"Ravioli Angelo",19.5,Grains/Cereals,"Pasta Buttini s.r.l.","Giovanni Giudici"
10437,"Wartian Herkku","Pirkko Koskitalo",Laura,Callahan,1997-02-05,"Speedy Express",15,"Perth Pasties",32.8,Meat/Poultry,"Gday, Mate","Wendy Mackenzie"
10416,"Wartian Herkku","Pirkko Koskitalo",Laura,Callahan,1997-01-16,"Federal Shipping",10,"Perth Pasties",32.8,Meat/Poultry,"Gday, Mate","Wendy Mackenzie"
10270,"Wartian Herkku","Pirkko Koskitalo",Nancy,Davolio,1996-08-01,"Speedy Express",25,"Ipoh Coffee",46,Beverages,"Leka Trading","Chandra Leka"
10270,"Wartian Herkku","Pirkko Koskitalo",Nancy,Davolio,1996-08-01,"Speedy Express",30,"Inlagd Sill",19,Seafood,"Svensk Sjofoda AB","Michael Bjorn"
10416,"Wartian Herkku","Pirkko Koskitalo",Laura,Callahan,1997-01-16,"Federal Shipping",20,"Teatime Chocolate Biscuits",9.2,Confections,"Specialty Biscuits, Ltd.","Peter Wilson"
10333,"Wartian Herkku","Pirkko Koskitalo",Steven,Buchanan,1996-10-18,"Federal Shipping",10,"Sir Rodneys Scones",10,Confections,"Specialty Biscuits, Ltd.","Peter Wilson"
10412,"Wartian Herkku","Pirkko Koskitalo",Laura,Callahan,1997-01-13,"United Package",20,Tofu,23.25,Produce,Mayumis,"Mayumi Ohno"
10333,"Wartian Herkku","Pirkko Koskitalo",Steven,Buchanan,1996-10-18,"Federal Shipping",10,Tofu,23.25,Produce,Mayumis,"Mayumi Ohno"
10266,"Wartian Herkku","Pirkko Koskitalo",Janet,Leverling,1996-07-26,"Federal Shipping",12,"Queso Manchego La Pastora",38,"Dairy Products","Cooperativa de Quesos Las Cabras","Antonio del Valle Saavedra"
10420,"Wellington Importadora","Paula Parente",Janet,Leverling,1997-01-21,"Speedy Express",20,"Rod Kaviar",15,Seafood,"Svensk Sjofoda AB","Michael Bjorn"
10256,"Wellington Importadora","Paula Parente",Janet,Leverling,1996-07-15,"United Package",12,"Original Frankfurter grune Sosse",13,Condiments,"Plutzer Lebensmittelgrossmarkte AG","Martin Bein"
10420,"Wellington Importadora","Paula Parente",Janet,Leverling,1997-01-21,"Speedy Express",8,"Outback Lager",15,Beverages,"Pavlova, Ltd.","Ian Devling"
10256,"Wellington Importadora","Paula Parente",Janet,Leverling,1996-07-15,"United Package",15,"Perth Pasties",32.8,Meat/Poultry,"Gday, Mate","Wendy Mackenzie"
10420,"Wellington Importadora","Paula Parente",Janet,Leverling,1997-01-21,"Speedy Express",2,Konbu,6,Seafood,Mayumis,"Mayumi Ohno"
10420,"Wellington Importadora","Paula Parente",Janet,Leverling,1997-01-21,"Speedy Express",20,"Mishi Kobe Niku",97,Meat/Poultry,"Tokyo Traders","Yoshi Nagase"
10269,"White Clover Markets","Karl Jablonski",Steven,Buchanan,1996-07-31,"Speedy Express",20,"Mozzarella di Giovanni",34.8,"Dairy Products","Formaggi Fortini s.r.l.","Elio Rossi"
10269,"White Clover Markets","Karl Jablonski",Steven,Buchanan,1996-07-31,"Speedy Express",60,Geitost,2.5,"Dairy Products","Norske Meierier","Beate Vileid"
10344,"White Clover Markets","Karl Jablonski",Margaret,Peacock,1996-11-01,"United Package",70,"Northwoods Cranberry Sauce",40,Condiments,"Grandma Kellys Homestead","Regina Murphy"
10344,"White Clover Markets","Karl Jablonski",Margaret,Peacock,1996-11-01,"United Package",35,"Chef Antons Cajun Seasoning",22,Condiments,"New Orleans Cajun Delights","Shelley Burke"
10248,"Wilman Kala","Matti Karttunen",Steven,Buchanan,1996-07-04,"Federal Shipping",5,"Mozzarella di Giovanni",34.8,"Dairy Products","Formaggi Fortini s.r.l.","Elio Rossi"
10248,"Wilman Kala","Matti Karttunen",Steven,Buchanan,1996-07-04,"Federal Shipping",10,"Singaporean Hokkien Fried Mee",14,Grains/Cereals,"Leka Trading","Chandra Leka"
10248,"Wilman Kala","Matti Karttunen",Steven,Buchanan,1996-07-04,"Federal Shipping",12,"Queso Cabrales",21,"Dairy Products","Cooperativa de Quesos Las Cabras","Antonio del Valle Saavedra"
10374,Wolski,Zbyszek,Nancy,Davolio,1996-12-05,"Federal Shipping",15,"Escargots de Bourgogne",13.25,Seafood,"Escargots Nouveaux","Marie Delamare"
10374,Wolski,Zbyszek,Nancy,Davolio,1996-12-05,"Federal Shipping",30,"Gorgonzola Telino",12.5,"Dairy Products","Formaggi Fortini s.r.l.","Elio Rossi"
